elapsed_s,command_forward_m_s,tracking_forward_m_s,delay_affine_m_s
2.84619979,0.8,1.08461214,1.17050097
2.85461454,0.8,1.10692505,1.17050097
2.86651224,0.8,1.0784594,1.17050097
2.87740175,0.8,1.10403063,1.17050097
2.8857922,0.8,1.10627547,1.17050097
2.89510463,0.8,1.10121429,1.17050097
2.90398468,0.8,1.10488876,1.17050097
2.91460606,0.8,1.09895325,1.17050097
2.92657544,0.8,1.11317999,1.17050097
2.93625997,0.8,1.0908731,1.17050097
2.94394708,0.8,1.09306136,1.17050097
2.95365634,0.8,1.08105265,1.17050097
2.96730514,0.8,1.07422564,1.17050097
2.97529841,0.8,1.06903531,1.17050097
2.98522626,0.8,1.07776254,1.17050097
2.99416294,0.8,1.07946184,1.17050097
3.00404691,0.8,1.08327027,1.17050097
3.01424205,0.8,1.06696527,1.17050097
3.02563122,0.8,1.09218294,1.17050097
3.03766638,0.8,1.08417407,1.17050097
3.04502268,0.8,1.08593072,1.17050097
3.05692668,0.8,1.0858945,1.17050097
3.06643576,0.8,1.09158111,1.17050097
3.07543694,0.8,1.08274309,1.17050097
3.09232966,0.8,1.07266642,1.17050097
3.1329234,0.8,1.08373643,1.17050097
3.1403561,0.8,1.05992703,1.17050097
3.14037708,0.8,1.07314274,1.17050097
3.14040452,0.8,1.08974496,1.17050097
3.1404216,0.8,1.08712017,1.17050097
3.14695321,0.8,1.09540015,1.17050097
3.1538432,0.8,1.09259772,1.17050097
3.17058777,0.8,1.12100296,1.17050097
3.1774655,0.8,1.10045943,1.17050097
3.18697328,0.8,1.08265359,1.17050097
3.19306573,0.8,1.10245045,1.17050097
3.20444803,0.8,1.08842532,1.17050097
3.21697292,0.8,1.11352674,1.17050097
3.22662347,0.8,1.04281461,1.17050097
3.23619757,0.8,1.11068419,1.17050097
3.25055083,0.8,1.07674133,1.17050097
3.25655565,0.8,1.05981618,1.17050097
3.27035303,0.8,1.07280039,1.17050097
3.27669463,0.8,1.06799251,1.17050097
3.28516332,0.8,1.07194282,1.17050097
3.294718,0.8,1.04438598,1.17050097
3.30662203,0.8,1.08246255,1.17050097
3.31257777,0.8,1.080233,1.17050097
3.32338065,0.8,1.01845554,1.17050097
3.33667283,0.8,1.09199799,1.17050097
3.34676775,0.8,1.09041851,1.17050097
3.35856924,0.8,1.07232503,1.17050097
3.36723297,0.8,1.06906369,1.17050097
3.37611763,0.8,1.09292755,1.17050097
3.38691465,0.8,1.09321584,1.17050097
3.39737432,0.8,1.09426074,1.17050097
3.40333758,0.8,1.08809689,1.17050097
3.41474337,0.8,1.08101068,1.17050097
3.42468906,0.8,1.08661761,1.17050097
3.43240858,0.8,1.07274401,1.17050097
3.4498237,0.8,1.07135789,1.17050097
3.45701182,0.8,1.08047486,1.17050097
3.4648098,0.8,1.08381341,1.17050097
3.47624773,0.8,1.09413512,1.17050097
3.48649646,0.8,1.09233706,1.17050097
3.49696615,0.8,1.10145264,1.17050097
3.50662786,0.8,1.10920896,1.17050097
3.51597001,0.8,1.09719533,1.17050097
3.52644216,0.8,1.10410564,1.17050097
3.53538282,0.8,1.09287108,1.17050097
3.54332675,0.8,1.10342092,1.17050097
3.55324956,0.8,1.09866158,1.17050097
3.56408192,0.8,1.10793217,1.17050097
3.57607972,0.8,1.09761024,1.17050097
3.58344079,0.8,1.11316839,1.17050097
3.59469508,0.8,1.09157165,1.17050097
3.60456561,0.8,1.11676275,1.17050097
3.61653121,0.8,1.0930277,1.17050097
3.6305649,0.8,1.108877,1.17050097
3.63894058,0.8,1.1108484,1.17050097
3.64307626,0.8,1.07628999,1.17050097
3.65402403,0.8,1.09521437,1.17050097
3.66663573,0.8,1.13192624,1.17050097
3.67850139,0.8,1.1136304,1.17050097
3.69058029,0.8,1.10168501,1.17050097
3.69708382,0.8,1.10189471,1.17050097
3.70329271,0.8,1.1251321,1.17050097
3.71717351,0.8,1.10490841,1.17050097
3.72606081,0.8,1.10285814,1.17050097
3.73392053,0.8,1.12096607,1.17050097
3.74209721,0.8,1.10745519,1.17050097
3.75351507,0.8,1.10436265,1.17050097
3.7637413,0.8,1.11209014,1.17050097
3.77225457,0.8,1.13021543,1.17050097
3.7896446,0.8,1.08005174,1.17050097
3.79559152,0.8,1.12083355,1.17050097
3.80714239,0.8,1.10533446,1.17050097
3.81307023,0.8,1.1075318,1.17050097
3.82690505,0.8,1.09855726,1.17050097
3.83632077,0.8,1.09744959,1.17050097
3.84400431,0.8,1.097626,1.17050097
3.85338724,0.8,1.09491573,1.17050097
3.86513212,0.8,1.10264764,1.17050097
3.8742664,0.8,1.08474256,1.17050097
3.88708426,0.8,1.11100541,1.17050097
3.89436898,0.8,1.07804703,1.17050097
3.90419615,0.8,1.08087799,1.17050097
3.91069374,0.8,1.10332264,1.17050097
3.9222865,0.8,1.08220807,1.17050097
3.93220156,0.8,1.07019483,1.17050097
3.94116429,0.8,1.06487671,1.17050097
3.95368191,0.8,1.07230687,1.17050097
3.96463811,0.8,1.08330522,1.17050097
3.97259559,0.8,1.07089346,1.17050097
3.98252388,0.8,1.07580369,1.17050097
3.99222601,0.8,1.08047205,1.17050097
4.00454052,0.8,1.10352912,1.17050097
4.01277572,0.8,1.09930363,1.17050097
4.02344668,0.8,1.08330102,1.17050097
4.03108328,0.8,1.09547216,1.17050097
4.04150822,0.8,1.08903188,1.17050097
4.06097368,0.8,1.09389538,1.17050097
4.06822451,0.8,1.09321609,1.17050097
4.07398929,0.8,1.09626903,1.17050097
4.08428633,0.8,1.06687907,1.17050097
4.09273522,0.8,1.13757699,1.17050097
4.10165128,0.8,1.09395965,1.17050097
4.1163664,0.8,1.09186007,1.17050097
4.12269393,0.8,1.09770127,1.17050097
4.13186891,0.8,1.09716678,1.17050097
4.14839586,0.8,1.08330568,1.17050097
4.15491744,0.8,1.15105944,1.17050097
4.16311561,0.8,1.08501428,1.17050097
4.17427815,0.8,1.11687493,1.17050097
4.1870022,0.8,1.09811218,1.17050097
4.19471547,0.8,1.07644955,1.17050097
4.20691878,0.8,1.08843855,1.17050097
4.21499257,0.8,1.08551695,1.17050097
4.22462011,0.8,1.07978002,1.17050097
4.23332041,0.8,1.0753907,1.17050097
4.24342955,0.8,1.06619812,1.17050097
4.2541121,0.8,1.0831992,1.17050097
4.26400302,0.8,1.07487678,1.17050097
4.27624969,0.8,1.05557166,1.17050097
4.28346564,0.8,1.08932961,1.17050097
4.29323894,0.8,1.06961261,1.17050097
4.30374186,0.8,1.06730611,1.17050097
4.31488377,0.8,1.07413599,1.17050097
4.32688432,0.8,1.05499452,1.17050097
4.33815937,0.8,1.10143492,1.17050097
4.34483032,0.8,1.07293407,1.17050097
4.35810441,0.8,1.09519709,1.17050097
4.36499224,0.8,1.087734,1.17050097
4.37547588,0.8,1.0941333,1.17050097
4.3842051,0.8,1.08540556,1.17050097
4.39332084,0.8,1.08773682,1.17050097
4.40692812,0.8,1.08679137,1.17050097
4.41536403,0.8,1.08887142,1.17050097
4.42858187,0.8,1.08433904,1.17050097
4.43416529,0.8,1.08683349,1.17050097
4.44439716,0.8,1.09002337,1.17050097
4.45420271,0.8,1.0887834,1.17050097
4.46683204,0.8,1.10799647,1.17050097
4.47386543,0.8,1.06880394,1.17050097
4.48481903,0.8,1.10910783,1.17050097
4.49337474,0.8,1.0892673,1.17050097
4.50577335,0.8,1.07001843,1.17050097
4.51425277,0.8,1.07074405,1.17050097
4.52531841,0.8,1.06690433,1.17050097
4.53592835,0.8,1.0818484,1.17050097
4.547217,0.8,1.02396198,1.17050097
4.55365607,0.8,1.0493569,1.17050097
4.56462498,0.8,1.06162076,1.17050097
4.57295656,0.8,1.08916108,1.17050097
4.58408051,0.8,1.04456561,1.17050097
4.59466542,0.8,1.07443554,1.17050097
4.60352345,0.8,1.08229272,1.17050097
4.61305797,0.8,1.05672213,1.17050097
4.62202157,0.8,1.08846124,1.17050097
4.63331936,0.8,1.08996266,1.17050097
4.64331777,0.8,1.07350788,1.17050097
4.65419002,0.8,1.08835994,1.17050097
4.66452091,0.8,1.08323169,1.17050097
4.674137,0.8,1.08012073,1.17050097
4.68437777,0.8,1.0818372,1.17050097
4.69399542,0.8,1.0861576,1.17050097
4.70415117,0.8,1.08056792,1.17050097
4.71413795,0.8,1.08350416,1.17050097
4.7260641,0.8,1.07970854,1.17050097
4.73635864,0.8,1.06644154,1.17050097
4.74419081,0.8,1.06738523,1.17050097
4.75260732,0.8,1.0654843,1.17050097
4.76545018,0.8,1.06807418,1.17050097
4.77420602,0.8,1.06392479,1.17050097
4.78729867,0.8,1.05692396,1.17050097
4.79261049,0.8,1.06112894,1.17050097
4.80279095,0.8,1.07454105,1.17050097
4.81312027,0.8,1.06617616,1.17050097
4.82365282,0.8,1.06542917,1.17050097
4.83592177,0.8,1.07041739,1.17050097
4.84426839,0.8,1.05542162,1.17050097
4.85246442,0.8,1.07366907,1.17050097
4.86282062,0.8,1.06372439,1.17050097
4.87356951,0.8,1.05596329,1.17050097
4.88334145,0.8,1.07500139,1.17050097
4.89440492,0.8,1.06717381,1.17050097
4.90475428,0.8,1.05985805,1.17050097
4.91544601,0.8,1.06383384,1.17050097
4.92602928,0.8,1.05033226,1.17050097
4.93573656,0.8,1.02508012,1.17050097
4.94526662,0.8,1.06310846,1.17050097
4.95314267,0.8,1.0711872,1.17050097
4.96477432,0.8,1.05048146,1.17050097
4.97512732,0.8,1.06470794,1.17050097
4.98404796,0.8,1.07480515,1.17050097
4.99621671,0.8,1.06973519,1.17050097
5.00626898,0.8,1.06512629,1.17050097
5.01245628,0.8,1.06892213,1.17050097
5.02669789,0.8,1.04708443,1.17050097
5.03597454,0.8,1.03237978,1.17050097
5.04360158,0.8,1.05786614,1.17050097
5.05503156,0.8,1.01880284,1.17050097
5.06540378,0.8,1.03127445,1.17050097
5.07681912,0.8,1.04617762,1.17050097
5.08682231,0.8,1.04445991,1.17050097
5.09436232,0.8,1.07183198,1.17050097
5.10366918,0.8,1.05497177,1.17050097
5.11330997,0.8,1.05872008,1.17050097
5.12515763,0.8,1.04961397,1.17050097
5.13339521,0.8,1.03393129,1.17050097
5.14320465,0.8,1.05769711,1.17050097
5.15455008,0.8,1.05018997,1.17050097
5.16383213,0.8,1.06038872,1.17050097
5.17418978,0.8,1.05325194,1.17050097
5.18468903,0.8,1.02298121,1.17050097
5.19662256,0.8,1.04858323,1.17050097
5.20494931,0.8,1.05212907,1.17050097
5.21186946,0.8,1.04498145,1.17050097
5.23016182,0.8,1.05991529,1.17050097
5.23537846,0.8,1.05888599,1.17050097
5.24353444,0.8,1.06000468,1.17050097
5.25342476,0.8,1.0712872,1.17050097
5.26634847,0.8,1.05657643,1.17050097
5.27301758,0.8,1.04939563,1.17050097
5.28384706,0.8,1.04112091,1.17050097
5.29389035,0.8,1.05330534,1.17050097
5.30344512,0.8,1.04078956,1.17050097
5.31500078,0.8,1.04239104,1.17050097
5.3240628,0.8,1.04627666,1.17050097
5.33647931,0.8,1.03838418,1.17050097
5.34255608,0.8,1.09538083,1.17050097
5.35416633,0.8,1.05683091,1.17050097
5.36522401,0.8,1.05958848,1.17050097
5.37572642,0.8,1.05874372,1.17050097
5.38532427,0.8,1.06375713,1.17050097
5.3942584,0.8,1.08097088,1.17050097
5.40337425,0.8,1.05629915,1.17050097
5.41500517,0.8,1.04907349,1.17050097
5.4233811,0.8,1.08405173,1.17050097
5.43285795,0.8,1.06140254,1.17050097
5.44893073,0.8,1.06248499,1.17050097
5.46192484,0.8,1.06767248,1.17050097
5.47225895,0.8,1.07967658,1.17050097
5.47927644,0.8,1.06366399,1.17050097
5.48747067,0.8,1.06564967,1.17050097
5.50116561,0.8,1.06574291,1.17050097
5.50850051,0.8,1.05331739,1.17050097
5.51525724,0.8,1.05266169,1.17050097
5.53085985,0.8,1.04647623,1.17050097
5.5366097,0.8,1.06935657,1.17050097
5.54579219,0.8,1.05657493,1.17050097
5.55724343,0.8,1.03654564,1.17050097
5.56732947,0.8,1.05018648,1.17050097
5.57604686,0.8,1.04508541,1.17050097
5.58351905,0.8,1.04844434,1.17050097
5.5948513,0.8,1.05641248,1.17050097
5.60452858,0.8,1.04301745,1.17050097
5.61331335,0.8,1.04960114,1.17050097
5.62425287,0.8,1.04451775,1.17050097
5.63373022,0.8,1.053984,1.17050097
5.64692464,0.8,1.05617169,1.17050097
5.65441683,0.8,1.04014248,1.17050097
5.66426363,0.8,1.05212645,1.17050097
5.67938651,0.8,1.04797289,1.17050097
5.68824131,0.8,1.0034599,1.17050097
5.69885617,0.8,1.05032568,1.17050097
5.7057168,0.8,1.04884107,1.17050097
5.71630779,0.8,1.06548571,1.17050097
5.72765576,0.8,1.06081701,1.17050097
5.73547994,0.8,1.061665,1.17050097
5.74313738,0.8,1.0553863,1.17050097
5.75589553,0.8,1.06038796,1.17050097
5.76511888,0.8,1.07591641,1.17050097
5.77661158,0.8,1.03492061,1.17050097
5.78743362,0.8,1.0243505,1.17050097
5.80185941,0.8,1.03928817,1.17050097
5.80748778,0.8,1.04991189,1.17050097
5.81453661,0.8,1.02056057,1.17050097
5.8247689,0.8,1.04778886,1.17050097
5.83502188,0.8,1.04822644,1.17050097
5.84925789,0.8,1.05345389,1.17050097
5.8579313,0.8,1.04632489,1.17050097
5.86845309,0.8,1.05398072,1.17050097
5.87690767,0.8,1.06157606,1.17050097
5.88575919,0.8,1.05180473,1.17050097
5.89572931,0.8,1.03612664,1.17050097
5.90354928,0.8,1.04812613,1.17050097
5.91254571,0.8,1.03473076,1.17050097
5.92513814,0.8,1.0649743,1.17050097
5.93312348,0.8,1.04856205,1.17050097
5.94278939,0.8,1.02500635,1.17050097
5.95281447,0.8,1.0566198,1.17050097
5.96339045,0.8,1.04832959,1.17050097
5.97540804,0.8,1.05462015,1.17050097
5.9832337,0.8,1.0587229,1.17050097
5.99196621,0.8,1.05515843,1.17050097
6.00425555,0.8,1.05366916,1.17050097
6.01370539,0.8,1.05204871,1.17050097
6.02355919,0.8,1.0525632,1.17050097
6.03380246,0.8,1.03640086,1.17050097
6.04418451,0.8,1.06096883,1.17050097
6.05453239,0.8,1.04521577,1.17050097
6.06282983,0.8,1.03599252,1.17050097
6.07622645,0.8,1.04793858,1.17050097
6.08435085,0.8,1.04265767,1.17050097
6.09397846,0.8,1.04368886,1.17050097
6.12729242,0.8,1.03838317,1.17050097
6.13819809,0.8,1.03747258,1.17050097
6.14269358,0.8,1.04397187,1.17050097
6.14698637,0.8,1.04218699,1.17050097
6.15533126,0.8,1.02433604,1.17050097
6.16517106,0.8,1.02042856,1.17050097
6.17780907,0.8,1.03062035,1.17050097
6.18778637,0.8,1.04112991,1.17050097
6.19712197,0.8,1.02772105,1.17050097
6.20474237,0.8,1.04657949,1.17050097
6.21408571,0.8,1.02940488,1.17050097
6.22514668,0.8,1.04575013,1.17050097
6.24400119,0.8,1.04121231,1.17050097
6.24946301,0.8,1.02867873,1.17050097
6.25831498,0.8,1.04115016,1.17050097
6.26723786,0.8,1.05478792,1.17050097
6.2773351,0.8,1.04938615,1.17050097
6.28552827,0.8,1.04348467,1.17050097
6.29266794,0.8,1.03139233,1.17050097
6.30391962,0.8,1.03561952,1.17050097
6.31204088,0.8,1.03030463,1.17050097
6.32441883,0.8,1.03555966,1.17050097
6.33551688,0.8,1.03587444,1.17050097
6.34383226,0.8,1.04682267,1.17050097
6.35481246,0.8,1.04498906,1.17050097
6.36327906,0.8,1.05092301,1.17050097
6.37247272,0.8,1.01577807,1.17050097
6.38523859,0.8,1.05090366,1.17050097
6.39818913,0.8,1.04648339,1.17050097
6.40701292,0.8,1.04371441,1.17050097
6.41405249,0.8,1.03867847,1.17050097
6.42822552,0.8,1.02712696,1.17050097
6.43323921,0.8,1.018398,1.17050097
6.44446783,0.8,1.01646445,1.17050097
6.45676925,0.8,1.01401934,1.17050097
6.46468027,0.8,1.02075453,1.17050097
6.47343695,0.8,1.02434671,1.17050097
6.4837556,0.8,1.03502958,1.17050097
6.49276911,0.8,1.03528132,1.17050097
6.50558981,0.8,1.04381328,1.17050097
6.51374591,0.8,1.04878162,1.17050097
6.52614227,0.8,1.03788297,1.17050097
6.53514918,0.8,1.05348456,1.17050097
6.54309784,0.8,1.0384679,1.17050097
6.55454563,0.8,1.03871771,1.17050097
6.56339652,0.8,1.04192545,1.17050097
6.5762817,0.8,1.02773379,1.17050097
6.58416724,0.8,1.03111612,1.17050097
6.59250902,0.8,1.03327531,1.17050097
6.60301073,0.8,1.0308643,1.17050097
6.61350422,0.8,1.03059852,1.17050097
6.63329287,0.8,1.03340415,1.17050097
6.63942503,0.8,1.03412889,1.17050097
6.64315837,0.8,1.0363532,1.17050097
6.65283589,0.8,1.03399269,1.17050097
6.66420381,0.8,1.03062077,1.17050097
6.67733135,0.8,1.03162834,1.17050097
6.68483644,0.8,1.03348381,1.17050097
6.69424532,0.8,1.01825688,1.17050097
6.70581097,0.8,1.02592342,1.17050097
6.71289368,0.8,1.01892158,1.17050097
6.72450168,0.8,1.02943136,1.17050097
6.73606258,0.8,1.02017565,1.17050097
6.74571016,0.8,1.05047109,1.17050097
6.75475994,0.8,1.04071294,1.17050097
6.76394276,0.8,1.02607358,1.17050097
6.77799307,0.8,1.02910396,1.17050097
6.78803754,0.8,1.0048074,1.17050097
6.79629067,0.8,0.996845151,1.17050097
6.80693746,0.8,1.00543141,1.17050097
6.81272551,0.8,0.990707317,1.17050097
6.82391362,0.8,1.03026582,1.17050097
6.83387615,0.8,0.998781571,1.17050097
6.84449902,0.8,1.02103527,1.17050097
6.85231973,0.8,1.02027525,1.17050097
6.86513066,0.8,1.03162135,1.17050097
6.87635765,0.8,1.0367361,1.17050097
6.88581996,0.8,1.03772961,1.17050097
6.89547518,0.8,1.03427309,1.17050097
6.90442835,0.8,1.0382335,1.17050097
6.91379312,0.8,1.04697068,1.17050097
6.92404462,0.8,1.03214895,1.17050097
6.93483694,0.8,1.02602756,1.17050097
6.94477015,0.8,1.0163944,1.17050097
6.9534032,0.8,0.983712392,1.17050097
6.96623446,0.8,1.04382359,1.17050097
6.97369567,0.8,1.00240753,1.17050097
6.98399738,0.8,0.994647463,1.17050097
6.99598108,0.8,1.01256938,1.17050097
7.00559945,0.8,1.02719386,1.17050097
7.01249461,0.8,1.02167663,1.17050097
7.02329632,0.8,1.023521,1.17050097
7.03408364,0.8,1.04771442,1.17050097
7.04644088,0.8,1.06122853,1.17050097
7.0583506,0.8,1.04155887,1.17050097
7.06366204,0.8,1.03062755,1.17050097
7.0725653,0.8,0.987367402,1.17050097
7.08316409,0.8,1.04826162,1.17050097
7.0943327,0.8,0.979073076,1.17050097
7.10699443,0.8,1.02250884,1.17050097
7.11416504,0.8,1.01007323,1.17050097
7.1226252,0.8,1.00389594,1.17050097
7.13427986,0.8,1.02095215,1.17050097
7.14380897,0.8,1.00795325,1.17050097
7.15444734,0.8,1.02943586,1.17050097
7.16444306,0.8,1.05039883,1.17050097
7.17294423,0.8,0.995375879,1.17050097
7.18842294,0.8,1.03623699,1.17050097
7.19468999,0.8,1.00984063,1.17050097
7.20515244,0.8,1.03312708,1.17050097
7.21234785,0.8,1.03428408,1.17050097
7.2234223,0.8,1.02996395,1.17050097
7.23331061,0.8,1.01659924,1.17050097
7.24328967,0.8,1.05399604,1.17050097
7.25329337,0.8,0.9996144,1.17050097
7.26373517,0.8,0.99964484,1.17050097
7.27390312,0.8,1.04548679,1.17050097
7.2840013,0.8,1.02675454,1.17050097
7.29380634,0.8,1.01651773,1.17050097
7.30653956,0.8,1.04703708,1.17050097
7.31373795,0.8,1.02343384,1.17050097
7.32257894,0.8,1.01230484,1.17050097
7.33512783,0.8,1.01210895,1.17050097
7.34630576,0.8,1.03632953,1.17050097
7.35619967,0.8,1.02207076,1.17050097
7.36371301,0.8,1.02682293,1.17050097
7.37440533,0.8,1.02252153,1.17050097
7.38548659,0.8,1.02904163,1.17050097
7.39445217,0.8,1.03848857,1.17050097
7.40379419,0.8,1.03175522,1.17050097
7.41444908,0.8,1.03350578,1.17050097
7.42299727,0.8,1.05272003,1.17050097
7.43733487,0.8,1.04669721,1.17050097
7.44268443,0.8,1.03093866,1.17050097
7.45676848,0.8,1.03170583,1.17050097
7.46376125,0.8,1.03885898,1.17050097
7.473381,0.8,1.03711926,1.17050097
7.48472362,0.8,1.0403003,1.17050097
7.49459242,0.8,1.05469154,1.17050097
7.50353788,0.8,1.02542663,1.17050097
7.51629438,0.8,1.06610891,1.17050097
7.5227671,0.8,1.04802243,1.17050097
7.53574319,0.8,1.05772005,1.17050097
7.54320399,0.8,1.06796512,1.17050097
7.55468735,0.8,1.04014785,1.17050097
7.56625258,0.8,1.06335858,1.17050097
7.57386114,0.8,1.07590157,1.17050097
7.58510455,0.8,1.05962316,1.17050097
7.59265824,0.8,1.05407067,1.17050097
7.60580929,0.8,1.06502368,1.17050097
7.61379484,0.8,1.04424263,1.17050097
7.62478363,0.8,1.05012491,1.17050097
7.6341274,0.8,1.06536249,1.17050097
7.64389553,0.8,1.06741365,1.17050097
7.65324568,0.8,1.05412411,1.17050097
7.6645123,0.8,1.05276836,1.17050097
7.67446027,0.8,1.05644453,1.17050097
7.68670262,0.8,1.06212148,1.17050097
7.69201078,0.8,1.04574001,1.17050097
7.70327367,0.8,1.05808514,1.17050097
7.71476956,0.8,1.06228411,1.17050097
7.72398117,0.8,1.05461139,1.17050097
7.73338607,0.8,1.03822913,1.17050097
7.74288539,0.8,1.05213031,1.17050097
7.75720286,0.8,1.05835062,1.17050097
7.76839561,0.8,1.04816788,1.17050097
7.77348796,0.8,1.06000986,1.17050097
7.78322363,0.8,1.06915426,1.17050097
7.79253942,0.8,1.04834863,1.17050097
7.80430099,0.8,1.05843827,1.17050097
7.81396737,0.8,1.06549804,1.17050097
7.82374239,0.8,1.04502525,1.17050097
7.8369874,0.8,1.05634974,1.17050097
7.8432485,0.8,1.0515067,1.17050097
7.85207123,0.8,1.05464982,1.17050097
7.86466304,0.8,1.04772521,1.17050097
7.87596016,0.8,1.06456767,1.17050097
7.88683528,0.8,1.05080653,1.17050097
7.89328421,0.8,1.03906715,1.17050097
7.90317614,0.8,1.02364644,1.17050097
7.91300231,0.8,1.03671447,1.17050097
7.9222724,0.8,1.04098189,1.17050097
7.93568275,0.8,1.05210038,1.17050097
7.94610861,0.8,1.05830826,1.17050097
7.95470128,0.8,1.05313399,1.17050097
7.96358598,0.8,1.05053275,1.17050097
7.97524343,0.8,1.04966112,1.17050097
7.98496186,0.8,1.03747447,1.17050097
7.99346241,0.8,1.05666008,1.17050097
8.00682596,0.8,1.02274235,1.17050097
8.01396693,0.8,1.05074658,1.17050097
8.02348689,0.8,1.05047507,1.17050097
8.03654017,0.8,1.08656363,1.17050097
8.04550341,0.8,1.03111691,1.17050097
8.05511346,0.8,1.04329518,1.17050097
8.06361122,0.8,1.05199955,1.17050097
8.08269855,0.8,1.05221492,1.17050097
8.08812301,0.8,1.04066006,1.17050097
8.09583696,0.8,1.06682369,1.17050097
8.10317616,0.8,1.03258293,1.17050097
8.1117384,0.8,1.0534692,1.17050097
8.12490883,0.8,1.04696488,1.17050097
8.13433039,0.8,1.02405316,1.17050097
8.147258,0.8,1.07179956,1.17050097
8.15907901,0.8,1.02929257,1.17050097
8.1641275,0.8,1.04532293,1.17050097
8.17195608,0.8,1.05384199,1.17050097
8.18397765,0.8,1.05393384,1.17050097
8.19354142,0.8,1.04282184,1.17050097
8.21203355,0.8,1.05953072,1.17050097
8.21877211,0.8,1.05289852,1.17050097
8.22267509,0.8,1.08518971,1.17050097
8.23498838,0.8,1.0572,1.17050097
8.247233,0.8,1.05613788,1.17050097
8.25494201,0.8,1.06771266,1.17050097
8.26503285,0.8,1.02298758,1.17050097
8.27678703,0.8,1.05379972,1.17050097
8.28374376,0.8,1.03238973,1.17050097
8.29412093,0.8,1.02217185,1.17050097
8.30396857,0.8,1.05657809,1.17050097
8.31748246,0.8,1.04100002,1.17050097
8.32691694,0.8,1.02992622,1.17050097
8.33546036,0.8,1.06168029,1.17050097
8.35327719,0.8,1.01623293,1.17050097
8.35715825,0.8,1.03337801,1.17050097
8.3675376,0.8,1.04579404,1.17050097
8.37267409,0.8,1.039003,1.17050097
8.38374392,0.8,1.05608165,1.17050097
8.39301706,0.8,1.02946569,1.17050097
8.40601929,0.8,1.04596313,1.17050097
8.41477539,0.8,1.0431968,1.17050097
8.42281554,0.8,1.03478475,1.17050097
8.43463183,0.8,1.03553085,1.17050097
8.44293604,0.8,1.03878096,1.17050097
8.4540924,0.8,1.05523631,1.17050097
8.46391154,0.8,1.06302565,1.17050097
8.47220779,0.8,1.02817052,1.17050097
8.48329398,0.8,1.04721585,1.17050097
8.49604676,0.8,1.06673489,1.17050097
8.50521465,0.8,1.01071603,1.17050097
8.51325766,0.8,1.04877174,1.17050097
8.52806448,0.8,1.05230889,1.17050097
8.53754773,0.8,1.03802894,1.17050097
8.54513854,0.8,1.04130908,1.17050097
8.55689498,0.8,1.03534858,1.17050097
8.56522605,0.8,1.0423131,1.17050097
8.57308668,0.8,1.03566725,1.17050097
8.58260279,0.8,1.04306344,1.17050097
8.59212066,0.8,1.02275361,1.17050097
8.60586155,0.8,1.05082138,1.17050097
8.61345575,0.8,1.03872905,1.17050097
8.62466066,0.8,1.03432165,1.17050097
8.63637514,0.8,1.045899,1.17050097
8.64488651,0.8,1.04660606,1.17050097
8.65636597,0.8,1.04183814,1.17050097
8.66235202,0.8,1.04407861,1.17050097
8.67423626,0.8,1.02697167,1.17050097
8.68354304,0.8,1.05857538,1.17050097
8.69581805,0.8,1.03454,1.17050097
8.70485309,0.8,1.04488185,1.17050097
8.71356854,0.8,1.04355343,1.17050097
8.72743622,0.8,1.02109296,1.17050097
8.73669724,0.8,1.0668151,1.17050097
8.74404207,0.8,1.03086336,1.17050097
8.75470811,0.8,1.04780794,1.17050097
8.76393879,0.8,1.06133237,1.17050097
8.77342765,0.8,1.03482768,1.17050097
8.78784924,0.8,1.05240513,1.17050097
8.79466941,0.8,1.06159706,1.17050097
8.80518196,0.8,1.05440489,1.17050097
8.81588808,0.8,1.0468896,1.17050097
8.82424654,0.8,1.0379986,1.17050097
8.83542482,0.8,1.04444904,1.17050097
8.84608582,0.8,1.0352393,1.17050097
8.85622776,0.8,1.0632546,1.17050097
8.86497877,0.8,1.02759496,1.17050097
8.8747023,0.8,1.05074069,1.17050097
8.88514274,0.8,1.04421965,1.17050097
8.89405739,0.8,1.02733757,1.17050097
8.90358387,0.8,1.05554594,1.17050097
8.91353742,0.8,1.0311314,1.17050097
8.92487207,0.8,1.03633966,1.17050097
8.93472936,0.8,1.05568817,1.17050097
8.94375489,0.8,1.04757079,1.17050097
8.95608767,0.8,1.04270119,1.17050097
8.96439577,0.8,1.04352744,1.17050097
8.97577778,0.8,1.02769032,1.17050097
8.98437223,0.8,1.05954154,1.17050097
8.99510648,0.8,1.03690143,1.17050097
9.00655218,0.8,1.04586614,1.17050097
9.01499288,0.8,1.04739025,1.17050097
9.02360434,0.8,1.05809039,1.17050097
9.03533618,0.8,1.05067612,1.17050097
9.04434919,0.8,1.05445059,1.17050097
9.05349888,0.8,1.06392567,1.17050097
9.06348974,0.8,1.03855739,1.17050097
9.07499813,0.8,1.05050775,1.17050097
9.0846331,0.8,1.05050215,1.17050097
9.09229381,0.8,1.05002545,1.17050097
9.10364616,0.8,1.04923323,1.17050097
9.11424284,0.8,1.04657307,1.17050097
9.12291612,0.8,1.06465416,1.17050097
9.13491743,0.8,1.04951113,1.17050097
9.14639845,0.8,1.0418714,1.17050097
9.15606842,0.8,1.04798089,1.17050097
9.16427187,0.8,1.04886401,1.17050097
9.17379387,0.8,1.05868436,1.17050097
9.1844058,0.8,1.05047345,1.17050097
9.19250015,0.8,1.05333251,1.17050097
9.20771201,0.8,1.05570597,1.17050097
9.2136157,0.8,1.06161252,1.17050097
9.22666936,0.8,1.05548849,1.17050097
9.23373406,0.8,1.04197945,1.17050097
9.24277641,0.8,1.06202728,1.17050097
9.25337112,0.8,1.06632246,1.17050097
9.26304669,0.8,1.04282563,1.17050097
9.27360487,0.8,1.05499116,1.17050097
9.28510869,0.8,1.04847765,1.17050097
9.29329343,0.8,1.02907778,1.17050097
9.30206495,0.8,1.0800631,1.17050097
9.313253,0.8,1.05499438,1.17050097
9.32224392,0.8,1.01250292,1.17050097
9.33819391,0.8,1.05114723,1.17050097
9.34542281,0.8,1.01423323,1.17050097
9.35516162,0.8,1.06862943,1.17050097
9.36507755,0.8,1.01911419,1.17050097
9.37525991,0.8,1.06430338,1.17050097
9.38472025,0.8,1.05331881,1.17050097
9.39466814,0.8,1.0387668,1.17050097
9.40380953,0.8,1.04727396,1.17050097
9.41587894,0.8,1.05513893,1.17050097
9.42562005,0.8,1.0745278,1.17050097
9.43431715,0.8,1.0560369,1.17050097
9.44486629,0.8,0.985625842,1.17050097
9.45691773,0.8,1.07713376,1.17050097
9.46526545,0.8,1.05307662,1.17050097
9.47418843,0.8,1.0480833,1.17050097
9.48775395,0.8,1.02978471,1.17050097
9.49276647,0.8,1.05270726,1.17050097
9.50427403,0.8,1.0482117,1.17050097
10.583319,0.8,1.06232968,1.17050097
10.5954452,0.8,1.05010516,1.17050097
10.6057416,0.8,1.07054035,1.17050097
10.6149091,0.8,1.03949141,1.17050097
10.6242179,0.8,1.063318,1.17050097
10.63513,0.8,1.06569281,1.17050097
10.6449525,0.8,1.05251261,1.17050097
10.6536567,0.8,1.04782738,1.17050097
10.6649206,0.8,1.05651738,1.17050097
10.6737299,0.8,1.04979282,1.17050097
10.6824527,0.8,1.06168096,1.17050097
10.6935054,0.8,1.03541515,1.17050097
10.7039811,0.8,1.08027357,1.17050097
10.7145648,0.8,1.05998812,1.17050097
10.7237898,0.8,1.05070126,1.17050097
10.7348796,0.8,1.04673391,1.17050097
10.7427344,0.8,1.05596277,1.17050097
10.755795,0.8,1.06219202,1.17050097
10.7656413,0.8,1.04807272,1.17050097
10.774639,0.8,1.03064698,1.17050097
10.7873563,0.8,1.07064246,1.17050097
10.7973197,0.8,1.0481204,1.17050097
10.8050337,0.8,1.03278424,1.17050097
10.814306,0.8,1.04181173,1.17050097
10.8233901,0.8,1.04714507,1.17050097
10.833711,0.8,1.04587917,1.17050097
10.8442861,0.8,1.04831522,1.17050097
10.8530775,0.8,1.01660348,1.17050097
10.8645382,0.8,1.0675014,1.17050097
10.8720922,0.8,1.04323134,1.17050097
10.8848186,0.8,1.02964145,1.17050097
10.89414,0.8,1.05672391,1.17050097
10.9042571,0.8,1.05397787,1.17050097
10.920516,0.8,1.0635123,1.17050097
10.9319609,0.8,1.03828271,1.17050097
10.9419433,0.8,1.07265723,1.17050097
10.948094,0.8,1.05547659,1.17050097
10.9526449,0.8,1.03964438,1.17050097
10.9640828,0.8,1.06942857,1.17050097
10.9731277,0.8,1.04917418,1.17050097
10.9869896,0.8,1.05151462,1.17050097
10.9950827,0.8,1.05991364,1.17050097
11.0058762,0.8,1.06784568,1.17050097
11.0148362,0.8,1.04047341,1.17050097
11.0246905,0.8,1.07702159,1.17050097
11.0342555,0.8,1.04748674,1.17050097
11.0431569,0.8,1.0591825,1.17050097
11.0556828,0.8,1.06053951,1.17050097
11.0657245,0.8,1.02280581,1.17050097
11.0832288,0.8,1.09253423,1.17050097
11.0947363,0.8,1.042874,1.17050097
11.1006549,0.8,1.04405868,1.17050097
11.1072714,0.8,1.05320283,1.17050097
11.1322711,0.8,1.0649063,1.17050097
11.138794,0.8,1.03601234,1.17050097
11.1388075,0.8,1.07105601,1.17050097
11.1469554,0.8,1.01668845,1.17050097
11.1565377,0.8,1.04749844,1.17050097
11.1664371,0.8,1.06976487,1.17050097
11.1729179,0.8,1.02931484,1.17050097
11.1885119,0.8,1.05030628,1.17050097
11.1937208,0.8,1.02016947,1.17050097
11.2045447,0.8,1.06135428,1.17050097
11.2131819,0.8,1.03806306,1.17050097
11.2264876,0.8,1.08134444,1.17050097
11.23516,0.8,1.04631712,1.17050097
11.2458981,0.8,1.04265814,1.17050097
11.2539545,0.8,1.04935594,1.17050097
11.2667912,0.8,1.04758935,1.17050097
11.2769223,0.8,1.04434731,1.17050097
11.2851712,0.8,1.04922284,1.17050097
11.2950141,0.8,1.03739194,1.17050097
11.305147,0.8,1.05287176,1.17050097
11.3145846,0.8,1.04726951,1.17050097
11.32478,0.8,1.05755307,1.17050097
11.3418281,0.8,1.04986256,1.17050097
11.3471249,0.8,1.04392501,1.17050097
11.3547404,0.8,1.06195717,1.17050097
11.3642363,0.8,1.0513945,1.17050097
11.3752604,0.8,1.031429,1.17050097
11.385533,0.8,1.05123022,1.17050097
11.3972839,0.8,1.04433515,1.17050097
11.4034361,0.8,1.03863122,1.17050097
11.4127243,0.8,1.06467437,1.17050097
11.424018,0.8,1.04337531,1.17050097
11.4330555,0.8,1.05128972,1.17050097
11.443528,0.8,1.0505163,1.17050097
11.4549802,0.8,1.04564371,1.17050097
11.4647484,0.8,1.05750629,1.17050097
11.4766467,0.8,1.0366893,1.17050097
11.4885256,0.8,1.05919446,1.17050097
11.4964179,0.8,1.03930861,1.17050097
11.5034065,0.8,1.05110775,1.17050097
11.5136193,0.8,1.04103602,1.17050097
11.5219701,0.8,1.0508482,1.17050097
11.5349076,0.8,1.03272459,1.17050097
11.5491922,0.8,1.03318976,1.17050097
11.5540527,0.8,1.04208745,1.17050097
11.5623137,0.8,1.02284834,1.17050097
11.5732379,0.8,1.0287571,1.17050097
11.5875201,0.8,1.031175,1.17050097
11.59535,0.8,1.02310099,1.17050097
11.6055669,0.8,1.02521771,1.17050097
11.6165606,0.8,1.03654469,1.17050097
11.6261135,0.8,1.02910771,1.17050097
11.6359301,0.8,1.04356086,1.17050097
11.6440043,0.8,1.02541953,1.17050097
11.6539436,0.8,1.04615334,1.17050097
11.6664511,0.8,1.04522042,1.17050097
11.6743994,0.8,1.04379598,1.17050097
11.6847229,0.8,1.03409396,1.17050097
11.6961219,0.8,1.04570223,1.17050097
11.7021852,0.8,1.06210572,1.17050097
11.7137984,0.8,1.04712299,1.17050097
11.7292642,0.8,1.04897115,1.17050097
11.7399492,0.8,1.05166417,1.17050097
11.7538871,0.8,1.04447489,1.17050097
11.7601491,0.8,1.05414563,1.17050097
11.7693278,0.8,1.0775201,1.17050097
11.7845383,0.8,1.02580997,1.17050097
11.7920392,0.8,1.04597915,1.17050097
11.8010116,0.8,1.06279294,1.17050097
11.8099266,0.8,1.03453615,1.17050097
11.8212106,0.8,1.05558036,1.17050097
11.8313304,0.8,1.02549302,1.17050097
11.8443712,0.8,1.03970765,1.17050097
11.8511493,0.8,1.0407316,1.17050097
11.8608508,0.8,1.04364226,1.17050097
11.8709321,0.8,1.05872095,1.17050097
11.8811129,0.8,1.04308014,1.17050097
11.8911925,0.8,1.04274724,1.17050097
11.9033527,0.8,1.05839258,1.17050097
11.9113946,0.8,1.03275075,1.17050097
11.9206697,0.8,1.04672722,1.17050097
11.9336653,0.8,1.04570017,1.17050097
11.9414227,0.8,1.04929922,1.17050097
11.9524295,0.8,1.06070685,1.17050097
11.961603,0.8,0.98963555,1.17050097
11.9713106,0.8,1.04414763,1.17050097
11.9800515,0.8,1.03913374,1.17050097
11.9929692,0.8,1.03409382,1.17050097
11.9993132,0.8,1.05164877,1.17050097
12.011606,0.8,1.00343046,1.17050097
12.0233755,0.8,1.04544394,1.17050097
12.0302232,0.8,1.02576147,1.17050097
12.0417217,0.8,1.0544645,1.17050097
12.053444,0.8,1.03710936,1.17050097
12.0633712,0.8,1.04201643,1.17050097
12.0734745,0.8,1.03362473,1.17050097
12.0777063,0.8,1.02353505,1.17050097
12.0856961,0.8,1.02597484,1.17050097
12.0945602,0.8,1.01747702,1.17050097
12.105099,0.8,1.04722196,1.17050097
12.1139144,0.8,1.02267206,1.17050097
12.125865,0.8,1.01440332,1.17050097
12.1337715,0.8,1.05067747,1.17050097
12.1468637,0.8,1.03665517,1.17050097
12.1562047,0.8,1.04525045,1.17050097
12.1671527,0.8,1.02052553,1.17050097
12.1821386,0.8,1.04022866,1.17050097
12.1910263,0.8,1.02121108,1.17050097
12.1975813,0.8,1.03882823,1.17050097
12.2044409,0.8,1.03561298,1.17050097
12.2177973,0.8,1.03450516,1.17050097
12.2319584,0.8,1.02193864,1.17050097
12.2399815,0.8,1.02497346,1.17050097
12.2449086,0.8,1.00445351,1.17050097
12.2527224,0.8,1.03686968,1.17050097
12.2651279,0.8,1.00474007,1.17050097
12.2837341,0.8,0.997095021,1.17050097
12.290699,0.8,1.04949769,1.17050097
12.3011504,0.8,1.01725101,1.17050097
13.3239034,1,1.2680729,1.33240527
13.3411695,1,1.27959398,1.33240527
13.3519923,1,1.27291897,1.33240527
13.359669,1,1.27924982,1.33240527
13.3656076,1,1.26830445,1.33240527
13.3731184,1,1.28565403,1.33240527
13.3851638,1,1.28582226,1.33240527
13.3958316,1,1.2809328,1.33240527
13.4045753,1,1.28101964,1.33240527
13.416415,1,1.26245778,1.33240527
13.4276701,1,1.27960172,1.33240527
13.4365565,1,1.27947306,1.33240527
13.4458513,1,1.27764106,1.33240527
13.4541926,1,1.27271232,1.33240527
13.4635791,1,1.2682788,1.33240527
13.4722997,1,1.26366937,1.33240527
13.4856945,1,1.27827263,1.33240527
13.4954124,1,1.27133896,1.33240527
13.5036508,1,1.27558616,1.33240527
13.514841,1,1.27464198,1.33240527
13.5236073,1,1.27054805,1.33240527
13.5349964,1,1.27504483,1.33240527
13.5447089,1,1.27325149,1.33240527
13.5530577,1,1.27780703,1.33240527
13.5662275,1,1.27270754,1.33240527
13.5738073,1,1.27774543,1.33240527
13.5830454,1,1.27574227,1.33240527
13.5923731,1,1.2721433,1.33240527
13.6077185,1,1.2473138,1.33240527
13.614824,1,1.26878195,1.33240527
13.6241814,1,1.27517333,1.33240527
13.6349598,1,1.24883862,1.33240527
13.644336,1,1.26273512,1.33240527
13.6647851,1,1.2872276,1.33240527
13.6707065,1,1.27704551,1.33240527
13.6778458,1,1.26915487,1.33240527
13.6848312,1,1.28353933,1.33240527
13.6992737,1,1.28062025,1.33240527
13.7059828,1,1.28699044,1.33240527
13.7125275,1,1.262084,1.33240527
13.7249651,1,1.24359717,1.33240527
13.7331523,1,1.26883601,1.33240527
13.7432252,1,1.26205666,1.33240527
13.7553668,1,1.27367834,1.33240527
13.7680764,1,1.22263178,1.33240527
13.774118,1,1.27379715,1.33240527
13.7830384,1,1.27272334,1.33240527
13.7968251,1,1.31627428,1.33240527
13.8058565,1,1.2679571,1.33240527
13.8169408,1,1.27357358,1.33240527
13.8246512,1,1.27528305,1.33240527
13.8332112,1,1.27949827,1.33240527
13.8424273,1,1.29497285,1.33240527
13.8576401,1,1.28778745,1.33240527
13.8638275,1,1.28247077,1.33240527
13.873388,1,1.28972013,1.33240527
13.8874303,1,1.29792462,1.33240527
13.8934204,1,1.31633701,1.33240527
13.9077297,1,1.29315901,1.33240527
13.9157058,1,1.30122584,1.33240527
13.9244952,1,1.30632749,1.33240527
13.9331881,1,1.30552118,1.33240527
13.9465482,1,1.29608159,1.33240527
13.9561375,1,1.29058593,1.33240527
13.9622932,1,1.31786211,1.33240527
13.9752779,1,1.29259956,1.33240527
13.9824306,1,1.304372,1.33240527
13.9931231,1,1.30074749,1.33240527
14.0043115,1,1.28020357,1.33240527
14.0147734,1,1.27391073,1.33240527
14.0238565,1,1.3093384,1.33240527
14.0337365,1,1.3059559,1.33240527
14.0448021,1,1.32821492,1.33240527
14.0538414,1,1.30475256,1.33240527
14.0636826,1,1.30862412,1.33240527
14.0714757,1,1.30599348,1.33240527
14.0829102,1,1.31096394,1.33240527
14.0921428,1,1.29408666,1.33240527
14.1038972,1,1.27865715,1.33240527
14.1163696,1,1.33438739,1.33240527
14.1247834,1,1.31270234,1.33240527
14.13564,1,1.30413943,1.33240527
14.1439193,1,1.31310648,1.33240527
14.1546119,1,1.32370511,1.33240527
14.1655887,1,1.30386536,1.33240527
14.1739207,1,1.30752088,1.33240527
14.1835478,1,1.29776115,1.33240527
14.195151,1,1.31030649,1.33240527
14.2038799,1,1.30476589,1.33240527
14.2120008,1,1.29984426,1.33240527
14.2231007,1,1.2803467,1.33240527
14.2326188,1,1.30301047,1.33240527
14.2468122,1,1.31713131,1.33240527
14.255234,1,1.29703292,1.33240527
14.2633563,1,1.31077731,1.33240527
14.2718816,1,1.30413638,1.33240527
14.283042,1,1.29856763,1.33240527
14.2987661,1,1.29968292,1.33240527
14.3057215,1,1.30796786,1.33240527
14.3155767,1,1.32687807,1.33240527
14.3254734,1,1.30386165,1.33240527
14.3342604,1,1.2756681,1.33240527
14.3433582,1,1.32011066,1.33240527
14.3545226,1,1.3051159,1.33240527
14.3629531,1,1.31718019,1.33240527
14.3726257,1,1.33036014,1.33240527
14.383741,1,1.31561328,1.33240527
14.3954497,1,1.32177458,1.33240527
14.4034863,1,1.29342473,1.33240527
14.4151092,1,1.31093171,1.33240527
14.4232794,1,1.27649699,1.33240527
14.4378535,1,1.30881388,1.33240527
14.4448989,1,1.28819404,1.33240527
14.4540619,1,1.29849309,1.33240527
14.4630025,1,1.29643513,1.33240527
14.4726601,1,1.30016335,1.33240527
14.4840295,1,1.29628894,1.33240527
14.4951366,1,1.30608949,1.33240527
14.5031689,1,1.29618086,1.33240527
14.5164009,1,1.29977569,1.33240527
14.524711,1,1.30678118,1.33240527
14.5334209,1,1.29749908,1.33240527
14.5446497,1,1.30269939,1.33240527
14.5546722,1,1.30697514,1.33240527
14.5648064,1,1.31038966,1.33240527
14.5731628,1,1.31849076,1.33240527
14.5824529,1,1.30162513,1.33240527
14.5928262,1,1.31801335,1.33240527
14.6032942,1,1.32011076,1.33240527
14.614373,1,1.31954211,1.33240527
14.6225407,1,1.31906845,1.33240527
14.6328527,1,1.31043517,1.33240527
14.6427396,1,1.3170398,1.33240527
14.6516472,1,1.30430131,1.33240527
14.6658996,1,1.30085852,1.33240527
14.6751196,1,1.30447335,1.33240527
14.6831347,1,1.31197834,1.33240527
14.6927879,1,1.32310611,1.33240527
14.7025917,1,1.29055586,1.33240527
14.714963,1,1.29689434,1.33240527
14.7245314,1,1.29141039,1.33240527
14.7330571,1,1.2967957,1.33240527
14.7430495,1,1.28454654,1.33240527
14.7522299,1,1.2504778,1.33240527
14.7645343,1,1.31450473,1.33240527
14.7733492,1,1.27794433,1.33240527
14.7822309,1,1.30456006,1.33240527
14.7930713,1,1.3131534,1.33240527
14.8063496,1,1.29997506,1.33240527
14.8141127,1,1.30977804,1.33240527
14.8242053,1,1.3179697,1.33240527
14.8317537,1,1.29496398,1.33240527
14.8421053,1,1.31614907,1.33240527
14.8534095,1,1.31549,1.33240527
14.862748,1,1.29835704,1.33240527
14.8740728,1,1.31015029,1.33240527
14.8852182,1,1.29366955,1.33240527
14.8935262,1,1.31371952,1.33240527
14.9032641,1,1.28084554,1.33240527
14.9180979,1,1.30322171,1.33240527
14.9233851,1,1.28482634,1.33240527
14.9322583,1,1.29583696,1.33240527
14.9454779,1,1.28317145,1.33240527
14.9524201,1,1.29764527,1.33240527
14.9642784,1,1.29370374,1.33240527
14.9742741,1,1.30007354,1.33240527
14.9827025,1,1.30743795,1.33240527
14.994027,1,1.29283106,1.33240527
15.0053469,1,1.29097684,1.33240527
15.0163161,1,1.29373014,1.33240527
15.0249948,1,1.27266574,1.33240527
15.0365,1,1.29841777,1.33240527
15.0447047,1,1.30165533,1.33240527
15.0541031,1,1.29749057,1.33240527
15.0641243,1,1.29268122,1.33240527
15.0743022,1,1.28924939,1.33240527
15.0831513,1,1.30749787,1.33240527
15.0934007,1,1.28035261,1.33240527
15.1043244,1,1.30138206,1.33240527
15.1132351,1,1.27288361,1.33240527
15.1243538,1,1.29519369,1.33240527
15.1348221,1,1.30677611,1.33240527
15.1444884,1,1.28446917,1.33240527
15.1623099,1,1.28716026,1.33240527
15.1712752,1,1.25922533,1.33240527
15.1756613,1,1.27045661,1.33240527
15.1869236,1,1.30600517,1.33240527
15.1934683,1,1.30523708,1.33240527
15.2038585,1,1.29066505,1.33240527
15.2158568,1,1.29684059,1.33240527
15.2240462,1,1.28643457,1.33240527
15.2376661,1,1.25161633,1.33240527
15.2459637,1,1.30431944,1.33240527
15.2523255,1,1.26969275,1.33240527
15.2632449,1,1.29996534,1.33240527
15.2729209,1,1.27688216,1.33240527
15.2844512,1,1.29549333,1.33240527
15.2936536,1,1.30483505,1.33240527
15.3031396,1,1.26760703,1.33240527
15.311994,1,1.28198835,1.33240527
15.3243501,1,1.27641176,1.33240527
15.3395219,1,1.30582197,1.33240527
15.346241,1,1.29031232,1.33240527
15.352927,1,1.26372773,1.33240527
15.3617991,1,1.26943016,1.33240527
15.3716486,1,1.29234209,1.33240527
15.3825922,1,1.31188369,1.33240527
15.3964081,1,1.2924038,1.33240527
15.4077463,1,1.28664926,1.33240527
15.4140663,1,1.29590714,1.33240527
15.4238506,1,1.2881327,1.33240527
15.4358177,1,1.27879985,1.33240527
15.4454617,1,1.29980394,1.33240527
15.455448,1,1.32256195,1.33240527
15.4667073,1,1.28973179,1.33240527
15.4736472,1,1.29110439,1.33240527
15.483424,1,1.29071836,1.33240527
15.4946356,1,1.3147739,1.33240527
15.5061026,1,1.29509767,1.33240527
15.5156121,1,1.3026989,1.33240527
15.5304019,1,1.30444399,1.33240527
15.5390083,1,1.28837485,1.33240527
15.5461618,1,1.32824112,1.33240527
15.5547817,1,1.31041356,1.33240527
15.5674221,1,1.28064759,1.33240527
15.5782485,1,1.30125097,1.33240527
15.5847403,1,1.28586753,1.33240527
15.5952616,1,1.3265707,1.33240527
15.6047691,1,1.2676923,1.33240527
15.619112,1,1.2854326,1.33240527
15.6267263,1,1.30706112,1.33240527
15.6351569,1,1.26415566,1.33240527
15.6441999,1,1.29569425,1.33240527
15.656112,1,1.26760171,1.33240527
15.6633531,1,1.23146923,1.33240527
15.67352,1,1.28274854,1.33240527
15.6820538,1,1.27114779,1.33240527
15.695159,1,1.2990219,1.33240527
15.7033962,1,1.27628158,1.33240527
15.7122474,1,1.29539991,1.33240527
15.7251597,1,1.28614891,1.33240527
15.7346318,1,1.28389131,1.33240527
15.744432,1,1.28106694,1.33240527
15.7573245,1,1.29101979,1.33240527
15.773768,1,1.2554381,1.33240527
15.782335,1,1.29049296,1.33240527
15.7869348,1,1.28744027,1.33240527
15.7943116,1,1.30582987,1.33240527
15.8044258,1,1.3057324,1.33240527
15.8139889,1,1.28292519,1.33240527
15.8249477,1,1.30662063,1.33240527
15.8337963,1,1.29292381,1.33240527
15.8470857,1,1.29355137,1.33240527
15.8528752,1,1.27922426,1.33240527
15.8639416,1,1.2795499,1.33240527
15.8740902,1,1.264602,1.33240527
15.8858503,1,1.28009815,1.33240527
15.8943431,1,1.28098804,1.33240527
15.903417,1,1.27827926,1.33240527
15.9152481,1,1.27638296,1.33240527
15.9249703,1,1.30128088,1.33240527
15.9320078,1,1.28871341,1.33240527
15.9465646,1,1.28572308,1.33240527
15.9541925,1,1.29431914,1.33240527
15.9652558,1,1.27281967,1.33240527
15.9741482,1,1.27884708,1.33240527
15.9823734,1,1.27558347,1.33240527
15.9971787,1,1.27437633,1.33240527
16.0060371,1,1.28268758,1.33240527
16.0161034,1,1.2808747,1.33240527
16.0250102,1,1.27814655,1.33240527
16.0344045,1,1.28283259,1.33240527
16.0447699,1,1.28065978,1.33240527
16.054685,1,1.28958705,1.33240527
16.0658431,1,1.26274711,1.33240527
16.0763544,1,1.26950869,1.33240527
16.0838845,1,1.27841249,1.33240527
16.0934138,1,1.23843301,1.33240527
16.1029668,1,1.2607512,1.33240527
16.1146124,1,1.26397138,1.33240527
16.1232976,1,1.29005206,1.33240527
16.1370777,1,1.28181166,1.33240527
16.169978,1,1.27335215,1.33240527
16.1781187,1,1.28904081,1.33240527
16.1781292,1,1.28252537,1.33240527
16.1781445,1,1.28881503,1.33240527
16.2001915,1,1.2814198,1.33240527
16.2053425,1,1.2931729,1.33240527
16.2053553,1,1.28342377,1.33240527
16.2159415,1,1.29104627,1.33240527
16.2255318,1,1.2890564,1.33240527
16.2335606,1,1.25316469,1.33240527
16.2446992,1,1.28707496,1.33240527
16.2546235,1,1.29084116,1.33240527
16.2660602,1,1.27683591,1.33240527
16.2742232,1,1.28732067,1.33240527
16.2840746,1,1.26827956,1.33240527
16.2940511,1,1.27198789,1.33240527
16.3050972,1,1.27269139,1.33240527
16.3138743,1,1.26437707,1.33240527
16.3233288,1,1.27732527,1.33240527
16.3344928,1,1.27763348,1.33240527
16.3456146,1,1.28288081,1.33240527
16.3590087,1,1.28596293,1.33240527
16.3655453,1,1.28207847,1.33240527
16.372863,1,1.27781047,1.33240527
16.3829945,1,1.27178751,1.33240527
16.3940048,1,1.26669759,1.33240527
16.4053909,1,1.27471813,1.33240527
16.4181252,1,1.26598471,1.33240527
16.4253821,1,1.26665516,1.33240527
16.4319209,1,1.27456799,1.33240527
16.4465941,1,1.2799028,1.33240527
16.4536049,1,1.27763821,1.33240527
16.4649102,1,1.28138596,1.33240527
16.4736435,1,1.28217561,1.33240527
16.4837524,1,1.27476823,1.33240527
16.4949717,1,1.28016782,1.33240527
16.5048102,1,1.2737287,1.33240527
16.5152304,1,1.27860709,1.33240527
16.5227064,1,1.26938782,1.33240527
16.5333156,1,1.29872163,1.33240527
16.5441557,1,1.26397232,1.33240527
16.554361,1,1.30388288,1.33240527
16.5675665,1,1.26838204,1.33240527
16.573481,1,1.2585471,1.33240527
16.5836582,1,1.24420341,1.33240527
16.595829,1,1.27988565,1.33240527
16.6029067,1,1.28181773,1.33240527
16.6119473,1,1.26102389,1.33240527
16.6241773,1,1.27810475,1.33240527
16.6338594,1,1.27347965,1.33240527
16.6478323,1,1.26614309,1.33240527
16.6560731,1,1.26302612,1.33240527
16.667069,1,1.27057935,1.33240527
16.6751815,1,1.27378746,1.33240527
16.6848088,1,1.29685988,1.33240527
16.6931021,1,1.27990019,1.33240527
16.705545,1,1.28855459,1.33240527
16.7144317,1,1.27629177,1.33240527
16.7233069,1,1.24805269,1.33240527
16.7349577,1,1.27700798,1.33240527
16.7527029,1,1.28310599,1.33240527
16.757708,1,1.28161023,1.33240527
16.7661976,1,1.28952288,1.33240527
16.7758169,1,1.29141671,1.33240527
16.784986,1,1.29448923,1.33240527
16.7956798,1,1.25928469,1.33240527
16.8023451,1,1.27038476,1.33240527
16.8135789,1,1.25626494,1.33240527
16.8241925,1,1.27910397,1.33240527
16.8340185,1,1.24576249,1.33240527
16.8433643,1,1.26655862,1.33240527
16.8532698,1,1.28219114,1.33240527
16.8623323,1,1.27365463,1.33240527
16.873719,1,1.29143115,1.33240527
16.8827364,1,1.2664167,1.33240527
16.8936986,1,1.28564429,1.33240527
16.9039186,1,1.26435979,1.33240527
16.9152107,1,1.26286721,1.33240527
16.9280569,1,1.25849156,1.33240527
16.9342012,1,1.29432645,1.33240527
16.9466286,1,1.24836956,1.33240527
16.9560742,1,1.25751527,1.33240527
16.9671802,1,1.26870379,1.33240527
16.9754488,1,1.28470831,1.33240527
16.9833918,1,1.28117138,1.33240527
16.9936581,1,1.27232943,1.33240527
17.0035837,1,1.27364554,1.33240527
17.01478,1,1.2663656,1.33240527
17.0233323,1,1.24749937,1.33240527
17.0351359,1,1.27092944,1.33240527
17.0422954,1,1.27429334,1.33240527
17.0540368,1,1.28496642,1.33240527
17.0626332,1,1.27999995,1.33240527
17.0752324,1,1.28666484,1.33240527
17.0845122,1,1.31123629,1.33240527
17.0938365,1,1.27287979,1.33240527
17.1020825,1,1.29609834,1.33240527
17.1128577,1,1.29794561,1.33240527
17.1244783,1,1.28240928,1.33240527
17.148276,1,1.29228078,1.33240527
17.1536863,1,1.2840274,1.33240527
17.153703,1,1.29229346,1.33240527
17.1669037,1,1.28022624,1.33240527
17.1738773,1,1.29525512,1.33240527
17.1846298,1,1.29538469,1.33240527
17.1947757,1,1.30158296,1.33240527
17.2039234,1,1.29743334,1.33240527
17.2171934,1,1.29996053,1.33240527
17.2261371,1,1.29606608,1.33240527
17.2329197,1,1.31010287,1.33240527
17.242054,1,1.30980981,1.33240527
17.2544965,1,1.31583592,1.33240527
17.2680004,1,1.29405704,1.33240527
17.2756727,1,1.31065298,1.33240527
17.2834902,1,1.31326213,1.33240527
17.2936423,1,1.30434064,1.33240527
17.3036954,1,1.31176493,1.33240527
17.3135568,1,1.31262611,1.33240527
17.323704,1,1.30531902,1.33240527
17.3363216,1,1.32317473,1.33240527
17.3510551,1,1.31682204,1.33240527
17.356758,1,1.30834098,1.33240527
17.3637064,1,1.31288659,1.33240527
17.3778607,1,1.30355241,1.33240527
17.3848073,1,1.31573594,1.33240527
17.3966959,1,1.29347931,1.33240527
17.4044462,1,1.30546417,1.33240527
17.4129721,1,1.30636042,1.33240527
17.4229672,1,1.31185669,1.33240527
17.4328003,1,1.30218221,1.33240527
17.4450261,1,1.31060369,1.33240527
17.4567645,1,1.30576281,1.33240527
17.4659732,1,1.30260839,1.33240527
17.4807603,1,1.3073556,1.33240527
17.4882474,1,1.31667021,1.33240527
17.4957738,1,1.33221935,1.33240527
17.5037501,1,1.28992707,1.33240527
17.5149597,1,1.31663869,1.33240527
17.524816,1,1.28466361,1.33240527
17.5354734,1,1.31421036,1.33240527
17.5449261,1,1.27979224,1.33240527
17.553274,1,1.3144287,1.33240527
17.5664628,1,1.28829983,1.33240527
17.5743815,1,1.30053845,1.33240527
17.5818202,1,1.28214035,1.33240527
17.592769,1,1.31708333,1.33240527
17.6043623,1,1.29462213,1.33240527
17.6128557,1,1.30074858,1.33240527
17.6222235,1,1.29861421,1.33240527
17.6371391,1,1.30127206,1.33240527
17.6443376,1,1.30241467,1.33240527
17.653852,1,1.31417335,1.33240527
17.664534,1,1.30603537,1.33240527
17.6751175,1,1.29745992,1.33240527
17.6825479,1,1.3011154,1.33240527
17.6929352,1,1.32232814,1.33240527
17.7034388,1,1.30601734,1.33240527
17.71448,1,1.29913538,1.33240527
17.7273422,1,1.27656955,1.33240527
17.7325263,1,1.27514383,1.33240527
17.7452088,1,1.30811086,1.33240527
17.7522485,1,1.30688187,1.33240527
17.7655713,1,1.31269654,1.33240527
17.7727607,1,1.30858487,1.33240527
17.7838269,1,1.31577464,1.33240527
17.7961335,1,1.30494387,1.33240527
17.8030193,1,1.33366963,1.33240527
17.8137231,1,1.28660491,1.33240527
17.8256291,1,1.29266535,1.33240527
17.8328438,1,1.31033703,1.33240527
17.8449178,1,1.33032704,1.33240527
17.8577675,1,1.31995326,1.33240527
17.8623976,1,1.27912179,1.33240527
17.8752446,1,1.30515233,1.33240527
17.8843933,1,1.31510265,1.33240527
17.8926619,1,1.28493752,1.33240527
17.9045053,1,1.29774761,1.33240527
17.9139613,1,1.29162933,1.33240527
17.9232058,1,1.29969625,1.33240527
17.9317742,1,1.2939168,1.33240527
17.9425032,1,1.29599321,1.33240527
17.9553295,1,1.29951148,1.33240527
17.9624915,1,1.29909162,1.33240527
17.9760946,1,1.29796906,1.33240527
17.9867928,1,1.29193066,1.33240527
17.9928583,1,1.3279623,1.33240527
18.0039893,1,1.28765918,1.33240527
18.01596,1,1.29546515,1.33240527
18.0245187,1,1.30207616,1.33240527
18.0332183,1,1.29554516,1.33240527
18.0434501,1,1.28716418,1.33240527
18.054297,1,1.30633107,1.33240527
18.0630604,1,1.27634615,1.33240527
18.0773085,1,1.29777249,1.33240527
18.0844495,1,1.29082559,1.33240527
18.098674,1,1.32482934,1.33240527
18.1049746,1,1.30404993,1.33240527
18.1137406,1,1.30670904,1.33240527
18.1239367,1,1.28628462,1.33240527
18.1330382,1,1.28417673,1.33240527
18.1440367,1,1.31433458,1.33240527
18.1530422,1,1.29290295,1.33240527
18.1645017,1,1.30007259,1.33240527
18.1747667,1,1.298572,1.33240527
18.1874574,1,1.29727255,1.33240527
18.1937246,1,1.30285114,1.33240527
18.2042586,1,1.29524185,1.33240527
18.2132199,1,1.2929729,1.33240527
18.2240269,1,1.31052453,1.33240527
18.2324679,1,1.29274828,1.33240527
18.2436914,1,1.30766023,1.33240527
18.2552983,1,1.30055664,1.33240527
18.2636452,1,1.31800597,1.33240527
18.2737787,1,1.2822269,1.33240527
18.2849099,1,1.30567583,1.33240527
18.2968427,1,1.29855102,1.33240527
18.3058039,1,1.30664925,1.33240527
18.313096,1,1.30200364,1.33240527
18.3238252,1,1.29198737,1.33240527
18.335031,1,1.32514076,1.33240527
18.3440414,1,1.27338841,1.33240527
18.3529129,1,1.31969299,1.33240527
18.3619487,1,1.29139283,1.33240527
18.3744855,1,1.30639388,1.33240527
18.3834269,1,1.30638279,1.33240527
18.3969049,1,1.30760851,1.33240527
18.4024671,1,1.27578013,1.33240527
18.4125988,1,1.3251611,1.33240527
18.4230254,1,1.29299812,1.33240527
18.4329871,1,1.29550605,1.33240527
18.4431233,1,1.30416917,1.33240527
18.4519362,1,1.29992031,1.33240527
18.4623149,1,1.30721083,1.33240527
18.4755433,1,1.30892554,1.33240527
18.4849005,1,1.29333129,1.33240527
18.4933812,1,1.31138668,1.33240527
18.5032462,1,1.30585831,1.33240527
18.5164055,1,1.31083038,1.33240527
18.5236926,1,1.31468517,1.33240527
18.5335747,1,1.30804859,1.33240527
18.5440272,1,1.3026831,1.33240527
18.5566117,1,1.30245313,1.33240527
18.5658875,1,1.31867482,1.33240527
18.5749318,1,1.32344617,1.33240527
18.5833541,1,1.30299883,1.33240527
18.5919192,1,1.32699288,1.33240527
18.6036393,1,1.29843324,1.33240527
18.6126424,1,1.3352923,1.33240527
18.624122,1,1.31890665,1.33240527
18.6345588,1,1.31612294,1.33240527
18.6439769,1,1.31250855,1.33240527
18.6541575,1,1.29950226,1.33240527
18.6616892,1,1.31684771,1.33240527
18.6725834,1,1.35130743,1.33240527
18.6842307,1,1.26447632,1.33240527
18.6944778,1,1.31194441,1.33240527
18.7037186,1,1.26516797,1.33240527
18.713331,1,1.3026814,1.33240527
18.7249191,1,1.3099086,1.33240527
18.73391,1,1.32758962,1.33240527
18.7456646,1,1.29179011,1.33240527
18.7532697,1,1.29079343,1.33240527
18.7630414,1,1.2902399,1.33240527
18.7725299,1,1.34361346,1.33240527
18.7832726,1,1.28649411,1.33240527
18.7920174,1,1.31417066,1.33240527
18.8071195,1,1.33569826,1.33240527
18.8144392,1,1.27959906,1.33240527
18.8283846,1,1.31991797,1.33240527
18.8356763,1,1.3182001,1.33240527
18.8430109,1,1.31229583,1.33240527
18.8545023,1,1.29361813,1.33240527
18.8680665,1,1.31357766,1.33240527
18.8751853,1,1.33248286,1.33240527
18.8833882,1,1.30503523,1.33240527
18.8929146,1,1.31405246,1.33240527
18.9037002,1,1.31431218,1.33240527
18.9134727,1,1.29150638,1.33240527
18.9234763,1,1.30284613,1.33240527
18.9344537,1,1.33561162,1.33240527
18.9416174,1,1.30141059,1.33240527
18.9548982,1,1.29979786,1.33240527
18.9639522,1,1.31634172,1.33240527
18.9757433,1,1.32315788,1.33240527
18.9843727,1,1.30335287,1.33240527
18.9935646,1,1.30876796,1.33240527
19.0047363,1,1.31820234,1.33240527
19.0139604,1,1.31838664,1.33240527
19.0225456,1,1.29545296,1.33240527
19.0337417,1,1.32856753,1.33240527
19.0438847,1,1.3148374,1.33240527
19.0540713,1,1.32161743,1.33240527
19.0637856,1,1.32279611,1.33240527
19.0761099,1,1.28462389,1.33240527
19.0831216,1,1.35200614,1.33240527
19.091985,1,1.31248221,1.33240527
19.1054051,1,1.31394198,1.33240527
19.1114661,1,1.30642665,1.33240527
19.1244144,1,1.33006815,1.33240527
19.1327704,1,1.28565864,1.33240527
19.1450713,1,1.32631311,1.33240527
19.1569487,1,1.28386838,1.33240527
19.164018,1,1.30439234,1.33240527
19.1742301,1,1.31786199,1.33240527
19.1867115,1,1.31604003,1.33240527
19.1951269,1,1.31054664,1.33240527
19.205139,1,1.31059004,1.33240527
19.2132994,1,1.31260942,1.33240527
19.2250451,1,1.30512188,1.33240527
19.2347453,1,1.32310176,1.33240527
19.2455816,1,1.28951499,1.33240527
19.2543962,1,1.2927796,1.33240527
19.263556,1,1.31243213,1.33240527
19.2736921,1,1.309231,1.33240527
19.2855718,1,1.3271565,1.33240527
19.2951382,1,1.30875592,1.33240527
19.3083046,1,1.31619438,1.33240527
19.3162372,1,1.32003741,1.33240527
19.3241175,1,1.31862885,1.33240527
19.3378424,1,1.31012211,1.33240527
19.3446517,1,1.28590304,1.33240527
19.3535282,1,1.31391595,1.33240527
19.3621539,1,1.29888931,1.33240527
19.3740375,1,1.32482553,1.33240527
19.3852304,1,1.30585058,1.33240527
19.3948617,1,1.30185191,1.33240527
19.4053704,1,1.31207863,1.33240527
19.4138123,1,1.29394159,1.33240527
19.4239442,1,1.32931041,1.33240527
19.4342453,1,1.28481602,1.33240527
19.4441607,1,1.33549875,1.33240527
19.4549044,1,1.2976107,1.33240527
19.4708614,1,1.28121601,1.33240527
19.4778911,1,1.30367247,1.33240527
19.4839222,1,1.31083736,1.33240527
19.4991927,1,1.29838411,1.33240527
19.5092797,1,1.32036487,1.33240527
19.513133,1,1.30004337,1.33240527
19.5250659,1,1.32523677,1.33240527
19.5356372,1,1.31483875,1.33240527
19.5440557,1,1.30710549,1.33240527
19.5548411,1,1.3119371,1.33240527
19.5635516,1,1.32373423,1.33240527
19.5773866,1,1.3139859,1.33240527
19.5845032,1,1.30933169,1.33240527
19.5971935,1,1.31040317,1.33240527
19.6038285,1,1.30781561,1.33240527
19.6170126,1,1.31231488,1.33240527
19.626131,1,1.30236923,1.33240527
19.6336701,1,1.27559163,1.33240527
19.6441767,1,1.3091584,1.33240527
19.6551036,1,1.30470093,1.33240527
19.6631807,1,1.2993333,1.33240527
19.6746295,1,1.31968355,1.33240527
19.6864116,1,1.30089131,1.33240527
19.6925191,1,1.31571747,1.33240527
19.7028456,1,1.3161051,1.33240527
19.7139873,1,1.31365835,1.33240527
19.7249794,1,1.32447531,1.33240527
19.7345911,1,1.31574039,1.33240527
19.7434931,1,1.32859285,1.33240527
19.7533942,1,1.30544746,1.33240527
19.7631201,1,1.31638812,1.33240527
19.7797865,1,1.31456562,1.33240527
19.7865135,1,1.3323676,1.33240527
19.7934603,1,1.33072427,1.33240527
19.8045181,1,1.3173433,1.33240527
19.8125013,1,1.31305169,1.33240527
19.8240669,1,1.31670093,1.33240527
19.8344635,1,1.30958588,1.33240527
19.8459748,1,1.32322303,1.33240527
19.8549679,1,1.30840092,1.33240527
19.8619059,1,1.30567942,1.33240527
19.8743903,1,1.30609423,1.33240527
19.8850052,1,1.29372353,1.33240527
19.8926005,1,1.3131347,1.33240527
19.9042062,1,1.30479683,1.33240527
19.9154126,1,1.30954503,1.33240527
19.9260342,1,1.3103751,1.33240527
19.9369039,1,1.31247794,1.33240527
19.9499248,1,1.30997889,1.33240527
19.9593258,1,1.30830349,1.33240527
19.9705263,1,1.30835147,1.33240527
19.9813788,1,1.2986168,1.33240527
19.9919766,1,1.31046396,1.33240527
20.0008507,1,1.34005671,1.33240527
20.0064431,1,1.30102076,1.33240527
20.0147412,1,1.3120838,1.33240527
20.0263487,1,1.33692276,1.33240527
20.0325395,1,1.30870986,1.33240527
20.0431827,1,1.33035785,1.33240527
20.0563076,1,1.32370517,1.33240527
20.0640461,1,1.30600742,1.33240527
20.0762624,1,1.31577334,1.33240527
20.0841945,1,1.30141059,1.33240527
20.1020441,1,1.32311789,1.33240527
20.1108546,1,1.31908259,1.33240527
20.1168432,1,1.29590378,1.33240527
20.1357329,1,1.32169996,1.33240527
20.1442774,1,1.29365795,1.33240527
20.1524097,1,1.31564906,1.33240527
20.1567039,1,1.32346891,1.33240527
20.1628049,1,1.31770978,1.33240527
20.1741697,1,1.30679189,1.33240527
20.1826805,1,1.32068903,1.33240527
20.1924473,1,1.32516316,1.33240527
20.2028559,1,1.29743037,1.33240527
20.2176952,1,1.31776541,1.33240527
20.2273502,1,1.31297792,1.33240527
20.2326496,1,1.32555486,1.33240527
20.2435936,1,1.29941871,1.33240527
20.2545044,1,1.31213664,1.33240527
20.2645363,1,1.32302381,1.33240527
20.2755567,1,1.29672742,1.33240527
20.2877941,1,1.30595299,1.33240527
20.2998562,1,1.31086439,1.33240527
20.3046125,1,1.28250907,1.33240527
20.3133636,1,1.30006604,1.33240527
20.3240199,1,1.31209921,1.33240527
20.3348508,1,1.29357007,1.33240527
20.3463625,1,1.29391367,1.33240527
20.3543938,1,1.3122394,1.33240527
20.3650915,1,1.30652592,1.33240527
20.374124,1,1.29313311,1.33240527
20.3827177,1,1.30600865,1.33240527
20.3933188,1,1.30757274,1.33240527
20.4036791,1,1.28891676,1.33240527
20.4127928,1,1.31555805,1.33240527
20.4248098,1,1.28177311,1.33240527
20.4355142,1,1.32159066,1.33240527
20.4442187,1,1.32004406,1.33240527
20.4546089,1,1.29206813,1.33240527
20.4625363,1,1.32236111,1.33240527
20.4738677,1,1.3098607,1.33240527
20.4869068,1,1.30766592,1.33240527
20.4939588,1,1.3273469,1.33240527
20.5065826,1,1.30069395,1.33240527
20.5129414,1,1.30520869,1.33240527
20.5255399,1,1.30028966,1.33240527
20.5341748,1,1.30656312,1.33240527
20.5440581,1,1.30466353,1.33240527
20.5541821,1,1.31302598,1.33240527
20.5630823,1,1.29178601,1.33240527
20.5743637,1,1.30185843,1.33240527
20.5878347,1,1.31360563,1.33240527
20.5932504,1,1.28794886,1.33240527
20.6073071,1,1.29656192,1.33240527
20.6168782,1,1.30566795,1.33240527
20.6239711,1,1.28508935,1.33240527
20.6321193,1,1.29778316,1.33240527
20.6439539,1,1.30212501,1.33240527
20.6608321,1,1.31781082,1.33240527
22.1565116,1.2,1.53676209,1.49430957
22.2958837,1.2,1.52500182,1.49430957
22.3398594,1.2,1.48672027,1.49430957
22.3569487,1.2,1.51275317,1.49430957
22.3657488,1.2,1.54809731,1.49430957
22.3760345,1.2,1.53957885,1.49430957
22.3965684,1.2,1.54371295,1.49430957
22.4063141,1.2,1.53273454,1.49430957
22.4563388,1.2,1.55793626,1.49430957
22.4765309,1.2,1.49274152,1.49430957
22.486597,1.2,1.57061985,1.49430957
22.5177202,1.2,1.5793162,1.49430957
22.6362008,1.2,1.56626527,1.49430957
22.6443559,1.2,1.57371575,1.49430957
22.6556506,1.2,1.55979435,1.49430957
22.6637272,1.2,1.56547872,1.49430957
22.6745276,1.2,1.55147036,1.49430957
22.6851633,1.2,1.56745343,1.49430957
22.6940577,1.2,1.5590389,1.49430957
22.7049785,1.2,1.55536436,1.49430957
22.7171356,1.2,1.54109623,1.49430957
22.724239,1.2,1.55957728,1.49430957
22.7341579,1.2,1.55450016,1.49430957
22.7442338,1.2,1.58110377,1.49430957
22.7575784,1.2,1.55324145,1.49430957
22.7670775,1.2,1.53435636,1.49430957
22.7764477,1.2,1.56315077,1.49430957
22.7826394,1.2,1.52646737,1.49430957
22.7968087,1.2,1.558504,1.49430957
22.8059673,1.2,1.55198905,1.49430957
22.8137542,1.2,1.53212709,1.49430957
22.8243135,1.2,1.56635281,1.49430957
22.8348897,1.2,1.54490649,1.49430957
22.8482774,1.2,1.5695366,1.49430957
22.8550624,1.2,1.54678867,1.49430957
22.8667715,1.2,1.54925219,1.49430957
22.8748136,1.2,1.53914901,1.49430957
22.885441,1.2,1.56236715,1.49430957
22.8931059,1.2,1.5342851,1.49430957
22.9060052,1.2,1.54766675,1.49430957
22.9174637,1.2,1.57508447,1.49430957
22.928797,1.2,1.60647957,1.49430957
22.9352414,1.2,1.51546446,1.49430957
22.9454021,1.2,1.56899565,1.49430957
22.9571787,1.2,1.57150601,1.49430957
22.9641206,1.2,1.57577673,1.49430957
22.9729131,1.2,1.57007882,1.49430957
22.9862232,1.2,1.58122962,1.49430957
22.9949989,1.2,1.55765772,1.49430957
23.0061857,1.2,1.56492165,1.49430957
23.0180837,1.2,1.57110774,1.49430957
23.0256953,1.2,1.55581752,1.49430957
23.0337733,1.2,1.53770285,1.49430957
23.0442289,1.2,1.55356432,1.49430957
23.054363,1.2,1.55838597,1.49430957
23.0635581,1.2,1.57666636,1.49430957
23.0749319,1.2,1.54511512,1.49430957
23.0823852,1.2,1.52132893,1.49430957
23.093554,1.2,1.54819296,1.49430957
23.1052295,1.2,1.56089222,1.49430957
23.1143226,1.2,1.54654393,1.49430957
23.1271404,1.2,1.56379983,1.49430957
23.1360465,1.2,1.55852646,1.49430957
23.1440532,1.2,1.57171739,1.49430957
23.153183,1.2,1.55384263,1.49430957
23.163832,1.2,1.56922106,1.49430957
23.1731172,1.2,1.5812207,1.49430957
23.1842375,1.2,1.57542477,1.49430957
23.1934658,1.2,1.58982566,1.49430957
23.2043178,1.2,1.56463292,1.49430957
23.2156297,1.2,1.56512717,1.49430957
23.2239948,1.2,1.53880585,1.49430957
23.2330116,1.2,1.59934148,1.49430957
23.2435689,1.2,1.56696198,1.49430957
23.2564156,1.2,1.57757027,1.49430957
23.2652731,1.2,1.55045285,1.49430957
23.2743998,1.2,1.59536966,1.49430957
23.2865457,1.2,1.56731152,1.49430957
23.293625,1.2,1.57110033,1.49430957
23.3057127,1.2,1.56625314,1.49430957
23.3148533,1.2,1.56180745,1.49430957
23.3266523,1.2,1.53287285,1.49430957
23.3434175,1.2,1.52168771,1.49430957
23.3485698,1.2,1.58351362,1.49430957
23.3561885,1.2,1.52545302,1.49430957
23.363731,1.2,1.55554588,1.49430957
23.3758622,1.2,1.54703388,1.49430957
23.385285,1.2,1.51943974,1.49430957
23.3973073,1.2,1.54319351,1.49430957
23.4065632,1.2,1.51424955,1.49430957
23.4151202,1.2,1.54566025,1.49430957
23.4225754,1.2,1.54455045,1.49430957
23.4342333,1.2,1.54760719,1.49430957
23.4447326,1.2,1.54488395,1.49430957
23.4538757,1.2,1.54790647,1.49430957
23.4646138,1.2,1.53516611,1.49430957
23.4743489,1.2,1.56570252,1.49430957
23.484218,1.2,1.54042911,1.49430957
23.4941645,1.2,1.54224589,1.49430957
23.503717,1.2,1.54491343,1.49430957
23.5136491,1.2,1.5455681,1.49430957
23.5236334,1.2,1.55807219,1.49430957
23.5351316,1.2,1.58027726,1.49430957
23.5455235,1.2,1.55971519,1.49430957
23.5548265,1.2,1.56070597,1.49430957
23.5655351,1.2,1.54058969,1.49430957
23.5726239,1.2,1.569992,1.49430957
23.5868818,1.2,1.55800712,1.49430957
23.5973151,1.2,1.55055151,1.49430957
23.6050477,1.2,1.55353474,1.49430957
23.6157363,1.2,1.55658368,1.49430957
23.6236289,1.2,1.53664529,1.49430957
23.6342008,1.2,1.56794812,1.49430957
23.6437522,1.2,1.56571053,1.49430957
23.6558483,1.2,1.53467718,1.49430957
23.6628094,1.2,1.53563841,1.49430957
23.6740598,1.2,1.54868396,1.49430957
23.6825664,1.2,1.52798296,1.49430957
23.6927775,1.2,1.55299083,1.49430957
23.7041705,1.2,1.54572978,1.49430957
23.7141462,1.2,1.55252963,1.49430957
23.7268322,1.2,1.55422467,1.49430957
23.7344451,1.2,1.54617549,1.49430957
23.7466816,1.2,1.555,1.49430957
23.75615,1.2,1.54734917,1.49430957
23.7659525,1.2,1.53016454,1.49430957
23.772384,1.2,1.55906832,1.49430957
23.7849046,1.2,1.5488592,1.49430957
23.7977978,1.2,1.54632571,1.49430957
23.8040566,1.2,1.5514279,1.49430957
23.8142994,1.2,1.55051328,1.49430957
23.8273679,1.2,1.54605662,1.49430957
23.837343,1.2,1.54902533,1.49430957
23.85009,1.2,1.55335936,1.49430957
23.8573837,1.2,1.55268893,1.49430957
23.863476,1.2,1.54832098,1.49430957
23.8738904,1.2,1.54818796,1.49430957
23.8861882,1.2,1.54482877,1.49430957
23.8942774,1.2,1.53633218,1.49430957
23.9057748,1.2,1.5369203,1.49430957
23.9129257,1.2,1.54767025,1.49430957
23.9230623,1.2,1.50875788,1.49430957
23.9372037,1.2,1.55483422,1.49430957
23.9430054,1.2,1.55772167,1.49430957
23.9524992,1.2,1.54328283,1.49430957
23.9662561,1.2,1.55337294,1.49430957
23.9762691,1.2,1.56155101,1.49430957
23.98451,1.2,1.56731086,1.49430957
23.992833,1.2,1.55913795,1.49430957
24.007004,1.2,1.55640087,1.49430957
24.0139174,1.2,1.55381344,1.49430957
24.0217389,1.2,1.568457,1.49430957
24.0342311,1.2,1.58225812,1.49430957
24.0427451,1.2,1.55541287,1.49430957
24.0540642,1.2,1.58276122,1.49430957
24.0649108,1.2,1.57666139,1.49430957
24.073583,1.2,1.56939379,1.49430957
24.0832892,1.2,1.55437776,1.49430957
24.0926115,1.2,1.56529827,1.49430957
24.1029816,1.2,1.57438982,1.49430957
24.1118163,1.2,1.56852269,1.49430957
24.1241691,1.2,1.57256591,1.49430957
24.1361833,1.2,1.56701925,1.49430957
24.1462545,1.2,1.58609184,1.49430957
24.1565063,1.2,1.56766406,1.49430957
24.1632833,1.2,1.56590211,1.49430957
24.1759963,1.2,1.57345842,1.49430957
24.1847327,1.2,1.51279013,1.49430957
24.1950872,1.2,1.5635436,1.49430957
24.2049837,1.2,1.55129508,1.49430957
24.2133617,1.2,1.55147743,1.49430957
24.2231184,1.2,1.53746735,1.49430957
24.2362029,1.2,1.56645061,1.49430957
24.2444126,1.2,1.52891767,1.49430957
24.2526875,1.2,1.54171856,1.49430957
24.2662346,1.2,1.54847633,1.49430957
24.2723362,1.2,1.54254407,1.49430957
24.2831421,1.2,1.53779029,1.49430957
24.2915649,1.2,1.54308461,1.49430957
24.3039036,1.2,1.54525972,1.49430957
24.313463,1.2,1.54321658,1.49430957
24.3231543,1.2,1.540578,1.49430957
24.3355489,1.2,1.53375022,1.49430957
24.3445844,1.2,1.53903862,1.49430957
24.3542766,1.2,1.55932425,1.49430957
24.3638576,1.2,1.5478186,1.49430957
24.3737822,1.2,1.53804854,1.49430957
24.3846582,1.2,1.58867965,1.49430957
24.3946989,1.2,1.56269746,1.49430957
24.4058557,1.2,1.54070254,1.49430957
24.412842,1.2,1.54682788,1.49430957
24.4251238,1.2,1.5523336,1.49430957
24.4348192,1.2,1.55676627,1.49430957
24.4429765,1.2,1.54674618,1.49430957
24.4547598,1.2,1.51587388,1.49430957
24.4629705,1.2,1.56331778,1.49430957
24.4735827,1.2,1.5534156,1.49430957
24.4842257,1.2,1.55055568,1.49430957
24.4921659,1.2,1.54085721,1.49430957
24.5045489,1.2,1.5577595,1.49430957
24.512918,1.2,1.55064722,1.49430957
24.5240405,1.2,1.5516854,1.49430957
24.5349875,1.2,1.55816163,1.49430957
24.5458411,1.2,1.55926954,1.49430957
24.5568134,1.2,1.56782729,1.49430957
24.5620525,1.2,1.55652396,1.49430957
24.5723935,1.2,1.56053106,1.49430957
24.5868314,1.2,1.56509267,1.49430957
24.5947775,1.2,1.553198,1.49430957
24.6045075,1.2,1.50733818,1.49430957
24.6126716,1.2,1.5453288,1.49430957
24.6224327,1.2,1.54243962,1.49430957
24.633168,1.2,1.54045566,1.49430957
24.6445934,1.2,1.53963102,1.49430957
24.6541778,1.2,1.54085343,1.49430957
24.6632092,1.2,1.53931844,1.49430957
24.6747743,1.2,1.54521363,1.49430957
24.6843673,1.2,1.54043836,1.49430957
24.6941461,1.2,1.55391049,1.49430957
24.7033058,1.2,1.54094365,1.49430957
24.7126128,1.2,1.5469407,1.49430957
24.7246235,1.2,1.5469382,1.49430957
24.7356198,1.2,1.54289066,1.49430957
24.7442772,1.2,1.53904858,1.49430957
24.7563473,1.2,1.56476972,1.49430957
24.7677325,1.2,1.50248006,1.49430957
24.7755161,1.2,1.55221951,1.49430957
24.7834587,1.2,1.5352633,1.49430957
24.7940811,1.2,1.56242392,1.49430957
24.8039948,1.2,1.549294,1.49430957
24.8137246,1.2,1.55069251,1.49430957
24.8231016,1.2,1.54120937,1.49430957
24.833952,1.2,1.55139904,1.49430957
24.844704,1.2,1.54775236,1.49430957
24.8555462,1.2,1.54587319,1.49430957
24.8626267,1.2,1.48326569,1.49430957
24.8753585,1.2,1.53087654,1.49430957
24.8848228,1.2,1.53666271,1.49430957
24.8966077,1.2,1.5089795,1.49430957
24.9070272,1.2,1.5412171,1.49430957
24.9130346,1.2,1.54261914,1.49430957
24.9243323,1.2,1.54087196,1.49430957
24.936799,1.2,1.53565459,1.49430957
24.9449339,1.2,1.54657239,1.49430957
24.9541382,1.2,1.51366174,1.49430957
24.9631185,1.2,1.53137882,1.49430957
24.9725175,1.2,1.53790395,1.49430957
24.9838308,1.2,1.54410832,1.49430957
24.9927595,1.2,1.49350383,1.49430957
25.0043312,1.2,1.54096027,1.49430957
25.0165719,1.2,1.5217691,1.49430957
25.0256116,1.2,1.54110599,1.49430957
25.0329516,1.2,1.52365213,1.49430957
25.0447312,1.2,1.53533838,1.49430957
25.0520986,1.2,1.53666074,1.49430957
25.0637171,1.2,1.52670637,1.49430957
25.074232,1.2,1.5382897,1.49430957
25.0847353,1.2,1.52174801,1.49430957
25.0931435,1.2,1.52794393,1.49430957
25.105895,1.2,1.52538342,1.49430957
25.1164702,1.2,1.55177756,1.49430957
25.1239258,1.2,1.52373399,1.49430957
25.1348959,1.2,1.54761416,1.49430957
25.1440171,1.2,1.53091746,1.49430957
25.1545366,1.2,1.54346691,1.49430957
25.1638894,1.2,1.55203432,1.49430957
25.1750362,1.2,1.53871815,1.49430957
25.1862541,1.2,1.53438237,1.49430957
25.1944316,1.2,1.53303816,1.49430957
25.2047572,1.2,1.53605889,1.49430957
25.2159602,1.2,1.53810932,1.49430957
25.2228779,1.2,1.56096304,1.49430957
25.234205,1.2,1.51954279,1.49430957
25.2445354,1.2,1.55392282,1.49430957
25.2536234,1.2,1.55485037,1.49430957
25.2642863,1.2,1.53496998,1.49430957
25.27568,1.2,1.54741062,1.49430957
25.2872336,1.2,1.54472317,1.49430957
25.2923689,1.2,1.51653216,1.49430957
25.3024974,1.2,1.52166487,1.49430957
25.3131431,1.2,1.54491865,1.49430957
25.3257662,1.2,1.56890266,1.49430957
25.3336179,1.2,1.52662523,1.49430957
25.3443094,1.2,1.53204309,1.49430957
25.3567535,1.2,1.53111641,1.49430957
25.3638334,1.2,1.51541714,1.49430957
25.3742821,1.2,1.55557532,1.49430957
25.3882443,1.2,1.51590005,1.49430957
25.3944415,1.2,1.53622457,1.49430957
25.4047276,1.2,1.5345585,1.49430957
25.4144596,1.2,1.54231588,1.49430957
25.4225497,1.2,1.52274243,1.49430957
25.4340566,1.2,1.52961907,1.49430957
25.4442876,1.2,1.53779629,1.49430957
25.4555355,1.2,1.52248662,1.49430957
25.4635416,1.2,1.53055723,1.49430957
25.4759316,1.2,1.5377095,1.49430957
25.4837801,1.2,1.55112782,1.49430957
25.4950664,1.2,1.54016444,1.49430957
25.5030156,1.2,1.5366664,1.49430957
25.5128629,1.2,1.53695943,1.49430957
25.522763,1.2,1.5521335,1.49430957
25.5344487,1.2,1.52789742,1.49430957
25.5426679,1.2,1.55067586,1.49430957
25.5520926,1.2,1.48947097,1.49430957
25.5641131,1.2,1.56575555,1.49430957
25.5732301,1.2,1.53129127,1.49430957
25.5856848,1.2,1.4988376,1.49430957
25.5937693,1.2,1.58128393,1.49430957
25.606504,1.2,1.52189628,1.49430957
25.6130472,1.2,1.55947452,1.49430957
25.6249777,1.2,1.52975652,1.49430957
25.6343954,1.2,1.55151909,1.49430957
25.6446311,1.2,1.53759679,1.49430957
25.6547921,1.2,1.50892108,1.49430957
25.6649319,1.2,1.54737761,1.49430957
25.6737742,1.2,1.54625199,1.49430957
25.6871865,1.2,1.55343547,1.49430957
25.6933319,1.2,1.5413821,1.49430957
25.7032109,1.2,1.50700311,1.49430957
25.7155466,1.2,1.53992538,1.49430957
25.725497,1.2,1.55898296,1.49430957
25.7360651,1.2,1.52341879,1.49430957
25.742201,1.2,1.51774469,1.49430957
25.7522125,1.2,1.53973051,1.49430957
25.7657795,1.2,1.55512128,1.49430957
25.7739696,1.2,1.5353418,1.49430957
25.7860833,1.2,1.55362328,1.49430957
25.7936794,1.2,1.56552113,1.49430957
25.8071236,1.2,1.50770717,1.49430957
25.8155334,1.2,1.56684032,1.49430957
25.824895,1.2,1.5305812,1.49430957
25.8338667,1.2,1.5482037,1.49430957
25.8438648,1.2,1.57628596,1.49430957
25.8525326,1.2,1.52806874,1.49430957
25.8637275,1.2,1.58860933,1.49430957
25.8749927,1.2,1.55984662,1.49430957
25.88313,1.2,1.55423157,1.49430957
25.8931162,1.2,1.56247389,1.49430957
25.9061212,1.2,1.56418636,1.49430957
25.9121402,1.2,1.58714363,1.49430957
25.9236704,1.2,1.57186897,1.49430957
25.9367821,1.2,1.56076022,1.49430957
25.9455467,1.2,1.57324952,1.49430957
25.9559524,1.2,1.57570099,1.49430957
25.9654724,1.2,1.56753358,1.49430957
25.9732857,1.2,1.56813326,1.49430957
25.986341,1.2,1.57022559,1.49430957
25.9951086,1.2,1.55432962,1.49430957
26.0049948,1.2,1.56537152,1.49430957
26.0167314,1.2,1.59150898,1.49430957
26.026826,1.2,1.56867512,1.49430957
26.0345758,1.2,1.56865585,1.49430957
26.0437841,1.2,1.53490664,1.49430957
26.0581298,1.2,1.56486925,1.49430957
26.0638119,1.2,1.58666534,1.49430957
26.0733622,1.2,1.55230078,1.49430957
26.0841331,1.2,1.56686514,1.49430957
26.0964241,1.2,1.57669053,1.49430957
26.1054456,1.2,1.57433747,1.49430957
26.1178055,1.2,1.58328315,1.49430957
26.1234494,1.2,1.58321816,1.49430957
26.136166,1.2,1.56755748,1.49430957
26.1424757,1.2,1.57721078,1.49430957
26.1550201,1.2,1.57407732,1.49430957
26.1663545,1.2,1.56832431,1.49430957
26.1754504,1.2,1.57513417,1.49430957
26.1849255,1.2,1.57677572,1.49430957
26.1942829,1.2,1.56392843,1.49430957
26.2046886,1.2,1.57020795,1.49430957
26.2132412,1.2,1.56894852,1.49430957
26.223519,1.2,1.5724665,1.49430957
26.2335884,1.2,1.57405187,1.49430957
26.242804,1.2,1.57481407,1.49430957
26.2525379,1.2,1.57374169,1.49430957
26.2624756,1.2,1.57236522,1.49430957
26.2737719,1.2,1.56721792,1.49430957
26.2841852,1.2,1.57561289,1.49430957
26.2920172,1.2,1.5813128,1.49430957
26.3027851,1.2,1.58411406,1.49430957
26.3130192,1.2,1.57854199,1.49430957
26.3235941,1.2,1.57622813,1.49430957
26.3395712,1.2,1.57562098,1.49430957
26.3437448,1.2,1.57615589,1.49430957
26.3534902,1.2,1.57577926,1.49430957
26.3637775,1.2,1.58347866,1.49430957
26.3722142,1.2,1.559139,1.49430957
26.3849436,1.2,1.5692891,1.49430957
26.3953165,1.2,1.56540127,1.49430957
26.4052978,1.2,1.56845864,1.49430957
26.4168398,1.2,1.57191144,1.49430957
26.4269227,1.2,1.56549758,1.49430957
26.4350658,1.2,1.57517249,1.49430957
26.4437333,1.2,1.56291967,1.49430957
26.454061,1.2,1.57979632,1.49430957
26.4645527,1.2,1.56526776,1.49430957
26.4781065,1.2,1.5685378,1.49430957
26.4872192,1.2,1.56327541,1.49430957
26.4929864,1.2,1.58577407,1.49430957
26.5036893,1.2,1.54751275,1.49430957
26.5142105,1.2,1.58333609,1.49430957
26.5236389,1.2,1.57113308,1.49430957
26.536148,1.2,1.57048881,1.49430957
26.5610368,1.2,1.57973851,1.49430957
26.561307,1.2,1.57588501,1.49430957
26.5657567,1.2,1.5648785,1.49430957
26.5725899,1.2,1.56797531,1.49430957
26.5868811,1.2,1.58579701,1.49430957
26.5954691,1.2,1.54981247,1.49430957
26.6067121,1.2,1.56827443,1.49430957
26.6152456,1.2,1.57437555,1.49430957
26.6245872,1.2,1.56504419,1.49430957
26.634122,1.2,1.56991953,1.49430957
26.6454883,1.2,1.56559581,1.49430957
26.6550593,1.2,1.57599097,1.49430957
26.6663348,1.2,1.55911349,1.49430957
26.6741668,1.2,1.57566766,1.49430957
26.6855179,1.2,1.5745769,1.49430957
26.6929702,1.2,1.58262116,1.49430957
26.7050356,1.2,1.54875614,1.49430957
26.7140344,1.2,1.58792366,1.49430957
26.7250906,1.2,1.57241087,1.49430957
26.7356415,1.2,1.56111915,1.49430957
26.7453802,1.2,1.59569987,1.49430957
26.7549521,1.2,1.55057241,1.49430957
26.7659077,1.2,1.56164372,1.49430957
26.7720824,1.2,1.56010243,1.49430957
26.782724,1.2,1.56377836,1.49430957
26.7941499,1.2,1.57090812,1.49430957
26.8039753,1.2,1.57143161,1.49430957
26.8145642,1.2,1.56030514,1.49430957
26.8245383,1.2,1.55011555,1.49430957
26.8413524,1.2,1.57165338,1.49430957
26.8479082,1.2,1.59031927,1.49430957
26.8565546,1.2,1.56101888,1.49430957
26.8632724,1.2,1.58205311,1.49430957
26.8729068,1.2,1.57565465,1.49430957
26.8834045,1.2,1.58349366,1.49430957
26.8909028,1.2,1.57682406,1.49430957
26.9006344,1.2,1.57807391,1.49430957
26.9138249,1.2,1.57768325,1.49430957
26.9234323,1.2,1.58535373,1.49430957
26.9320138,1.2,1.58067609,1.49430957
26.9422183,1.2,1.57753138,1.49430957
26.9504615,1.2,1.58171282,1.49430957
26.9634552,1.2,1.58228841,1.49430957
26.9723682,1.2,1.57716793,1.49430957
26.9852013,1.2,1.56289008,1.49430957
26.9936213,1.2,1.58846489,1.49430957
26.9997403,1.2,1.58674318,1.49430957
27.0140227,1.2,1.56501023,1.49430957
27.0238228,1.2,1.58242926,1.49430957
27.0345599,1.2,1.5972424,1.49430957
27.0415794,1.2,1.57461932,1.49430957
27.053569,1.2,1.58424567,1.49430957
27.064498,1.2,1.59621901,1.49430957
27.0733512,1.2,1.58367327,1.49430957
27.0851738,1.2,1.59279241,1.49430957
27.0936708,1.2,1.52671656,1.49430957
27.1032579,1.2,1.57006606,1.49430957
27.114863,1.2,1.58890083,1.49430957
27.1226306,1.2,1.57055922,1.49430957
27.1347493,1.2,1.57032227,1.49430957
27.1431357,1.2,1.58848705,1.49430957
27.1532601,1.2,1.60748586,1.49430957
27.1636295,1.2,1.56274537,1.49430957
27.1730384,1.2,1.5785051,1.49430957
27.1833602,1.2,1.57460201,1.49430957
27.1944864,1.2,1.55942418,1.49430957
27.2044566,1.2,1.58267129,1.49430957
27.2146363,1.2,1.57487768,1.49430957
27.2262706,1.2,1.5788317,1.49430957
27.2358832,1.2,1.57590492,1.49430957
27.2421031,1.2,1.5728851,1.49430957
27.2539075,1.2,1.56432606,1.49430957
27.2656057,1.2,1.58700697,1.49430957
27.2748552,1.2,1.57907201,1.49430957
27.2834199,1.2,1.56394808,1.49430957
27.2965185,1.2,1.58696826,1.49430957
27.3037295,1.2,1.57603112,1.49430957
27.3175312,1.2,1.56513404,1.49430957
27.3243936,1.2,1.57270438,1.49430957
27.3355238,1.2,1.58558873,1.49430957
27.3437854,1.2,1.56025725,1.49430957
27.3539276,1.2,1.58327918,1.49430957
27.3649299,1.2,1.57692849,1.49430957
27.3742601,1.2,1.58961451,1.49430957
27.3857587,1.2,1.56702469,1.49430957
27.394362,1.2,1.57016011,1.49430957
27.4023145,1.2,1.56980429,1.49430957
27.4143524,1.2,1.57544076,1.49430957
27.4232667,1.2,1.56404522,1.49430957
27.4367277,1.2,1.55743643,1.49430957
27.4445932,1.2,1.59537998,1.49430957
27.4527443,1.2,1.56733559,1.49430957
27.4660497,1.2,1.52960245,1.49430957
27.4753197,1.2,1.60123562,1.49430957
27.4842608,1.2,1.58946779,1.49430957
27.4939596,1.2,1.57936616,1.49430957
27.5050448,1.2,1.56098615,1.49430957
27.5144078,1.2,1.55590129,1.49430957
27.5246749,1.2,1.59542904,1.49430957
27.5330263,1.2,1.6007491,1.49430957
27.5424045,1.2,1.5791568,1.49430957
27.5525774,1.2,1.60302832,1.49430957
27.564173,1.2,1.54740147,1.49430957
27.5735321,1.2,1.5897652,1.49430957
27.5846433,1.2,1.55786343,1.49430957
27.5940501,1.2,1.5714972,1.49430957
27.6045164,1.2,1.58679202,1.49430957
27.620047,1.2,1.58087699,1.49430957
27.6252781,1.2,1.58760789,1.49430957
27.6359055,1.2,1.58004526,1.49430957
27.6454439,1.2,1.60026568,1.49430957
27.6529087,1.2,1.58827258,1.49430957
27.6632776,1.2,1.55632898,1.49430957
27.6734441,1.2,1.6073962,1.49430957
27.6864086,1.2,1.56914821,1.49430957
27.6919543,1.2,1.58213105,1.49430957
27.7053408,1.2,1.58825322,1.49430957
27.7150362,1.2,1.58776932,1.49430957
27.7244558,1.2,1.56460303,1.49430957
27.7347428,1.2,1.58848779,1.49430957
27.7464856,1.2,1.61088636,1.49430957
27.7519996,1.2,1.58536871,1.49430957
27.7625552,1.2,1.59252631,1.49430957
27.7728838,1.2,1.54975633,1.49430957
27.7837912,1.2,1.55080037,1.49430957
27.7969267,1.2,1.5765566,1.49430957
27.8044331,1.2,1.57321849,1.49430957
27.8151548,1.2,1.58860787,1.49430957
27.8246673,1.2,1.57539014,1.49430957
27.840744,1.2,1.5680001,1.49430957
27.8511902,1.2,1.57273567,1.49430957
27.8569855,1.2,1.57137371,1.49430957
27.8649263,1.2,1.57704364,1.49430957
27.8757292,1.2,1.57934831,1.49430957
27.8834534,1.2,1.57381141,1.49430957
27.8938096,1.2,1.56758024,1.49430957
27.9041316,1.2,1.53330212,1.49430957
27.9122439,1.2,1.59055202,1.49430957
27.9244251,1.2,1.57495609,1.49430957
27.9347278,1.2,1.57155295,1.49430957
27.9427571,1.2,1.57675052,1.49430957
27.9544461,1.2,1.5796472,1.49430957
27.9663797,1.2,1.56625716,1.49430957
27.9758294,1.2,1.58341836,1.49430957
27.9855402,1.2,1.57723233,1.49430957
27.994455,1.2,1.57171692,1.49430957
28.003687,1.2,1.56046267,1.49430957
28.0137988,1.2,1.58251625,1.49430957
28.037587,1.2,1.57633664,1.49430957
28.0418027,1.2,1.54159266,1.49430957
28.0458033,1.2,1.59967232,1.49430957
28.0529576,1.2,1.57780876,1.49430957
28.0639771,1.2,1.56877384,1.49430957
28.0745772,1.2,1.57033925,1.49430957
28.0844231,1.2,1.58532032,1.49430957
28.0920063,1.2,1.57777569,1.49430957
28.1038764,1.2,1.58639478,1.49430957
28.1191581,1.2,1.57196804,1.49430957
28.1277311,1.2,1.56409793,1.49430957
28.1363979,1.2,1.56615961,1.49430957
28.1437558,1.2,1.59153307,1.49430957
28.1516411,1.2,1.5809155,1.49430957
28.1633415,1.2,1.57349985,1.49430957
28.180525,1.2,1.57673906,1.49430957
28.1933558,1.2,1.56336027,1.49430957
28.1985855,1.2,1.57396512,1.49430957
28.2035805,1.2,1.57532967,1.49430957
28.2135805,1.2,1.58401398,1.49430957
28.2249584,1.2,1.60221426,1.49430957
28.2344829,1.2,1.58185514,1.49430957
28.2440637,1.2,1.57828561,1.49430957
28.253504,1.2,1.56427923,1.49430957
28.2641275,1.2,1.58811747,1.49430957
28.2733368,1.2,1.55117495,1.49430957
28.2916928,1.2,1.6159146,1.49430957
28.298076,1.2,1.58511252,1.49430957
28.3120589,1.2,1.58045781,1.49430957
28.3216415,1.2,1.57697402,1.49430957
28.3313316,1.2,1.61432742,1.49430957
28.3384656,1.2,1.54167876,1.49430957
28.3472041,1.2,1.58661058,1.49430957
28.353105,1.2,1.60967096,1.49430957
28.3631481,1.2,1.55997595,1.49430957
28.3746096,1.2,1.58519338,1.49430957
28.383833,1.2,1.54017152,1.49430957
28.3930021,1.2,1.59126678,1.49430957
28.4018663,1.2,1.54977805,1.49430957
28.413005,1.2,1.58572959,1.49430957
28.4259318,1.2,1.56577696,1.49430957
28.4337791,1.2,1.56613838,1.49430957
28.4438277,1.2,1.54771664,1.49430957
28.4552383,1.2,1.56095613,1.49430957
28.4650318,1.2,1.54779574,1.49430957
28.4750261,1.2,1.55863202,1.49430957
28.4838564,1.2,1.54670662,1.49430957
28.4969431,1.2,1.5622796,1.49430957
28.5028752,1.2,1.5479469,1.49430957
28.5162572,1.2,1.55867597,1.49430957
28.5232503,1.2,1.55469448,1.49430957
28.5346789,1.2,1.5555216,1.49430957
28.5475839,1.2,1.54429968,1.49430957
28.5552871,1.2,1.55882447,1.49430957
28.5626635,1.2,1.5558733,1.49430957
28.5725693,1.2,1.5547005,1.49430957
28.5914671,1.2,1.55796664,1.49430957
28.6012794,1.2,1.55210294,1.49430957
28.6146811,1.2,1.5530084,1.49430957
28.6216101,1.2,1.55111307,1.49430957
28.6322934,1.2,1.59142459,1.49430957
28.6426885,1.2,1.55603562,1.49430957
28.6511183,1.2,1.54221257,1.49430957
28.6633696,1.2,1.57420436,1.49430957
28.6709411,1.2,1.56908724,1.49430957
28.6798997,1.2,1.59036549,1.49430957
28.689839,1.2,1.55365298,1.49430957
28.7003684,1.2,1.57365656,1.49430957
28.7103484,1.2,1.56441377,1.49430957
28.7215034,1.2,1.57783297,1.49430957
28.7339617,1.2,1.55710197,1.49430957
28.7411588,1.2,1.56903438,1.49430957
28.7545755,1.2,1.58102579,1.49430957
28.762575,1.2,1.55072076,1.49430957
28.772614,1.2,1.60882304,1.49430957
28.7840528,1.2,1.5586526,1.49430957
28.7910391,1.2,1.57515699,1.49430957
28.7997062,1.2,1.57394465,1.49430957
28.8082045,1.2,1.53049584,1.49430957
28.8150121,1.2,1.56474177,1.49430957
28.8237055,1.2,1.57413246,1.49430957
28.8356474,1.2,1.56744318,1.49430957
28.8445128,1.2,1.56560348,1.49430957
28.8547328,1.2,1.57065797,1.49430957
28.8639953,1.2,1.55197784,1.49430957
28.8731752,1.2,1.56533013,1.49430957
28.8850082,1.2,1.57979724,1.49430957
28.8946755,1.2,1.58143323,1.49430957
28.9049494,1.2,1.57680534,1.49430957
28.9199586,1.2,1.57287985,1.49430957
28.9319144,1.2,1.57621729,1.49430957
28.9428255,1.2,1.57391347,1.49430957
28.9506033,1.2,1.56513217,1.49430957
28.9624219,1.2,1.577351,1.49430957
28.9728045,1.2,1.57400281,1.49430957
28.981727,1.2,1.56870494,1.49430957
28.9887152,1.2,1.56782407,1.49430957
29.0020376,1.2,1.57231477,1.49430957
29.0112662,1.2,1.56436479,1.49430957
29.0153681,1.2,1.56270083,1.49430957
29.024772,1.2,1.56457733,1.49430957
29.0316623,1.2,1.56264088,1.49430957
29.0495812,1.2,1.55555677,1.49430957
29.0547512,1.2,1.54318424,1.49430957
29.0645133,1.2,1.56426726,1.49430957
30.1064683,1.2,1.52718755,1.49430957
30.1126561,1.2,1.53178056,1.49430957
30.122974,1.2,1.53487079,1.49430957
30.1353399,1.2,1.53244322,1.49430957
30.1430452,1.2,1.53011904,1.49430957
30.1534014,1.2,1.53225136,1.49430957
30.1645487,1.2,1.52193132,1.49430957
30.1762524,1.2,1.51807596,1.49430957
30.1897558,1.2,1.52852117,1.49430957
30.1975728,1.2,1.50859106,1.49430957
30.20579,1.2,1.53493053,1.49430957
30.2165717,1.2,1.54462585,1.49430957
30.2226845,1.2,1.54119588,1.49430957
30.2368818,1.2,1.52807492,1.49430957
30.2441219,1.2,1.54279595,1.49430957
30.2547104,1.2,1.55558507,1.49430957
30.2670324,1.2,1.51594147,1.49430957
30.2738875,1.2,1.57888639,1.49430957
30.2827221,1.2,1.50474483,1.49430957
30.2961733,1.2,1.53596931,1.49430957
30.3034635,1.2,1.54681312,1.49430957
30.3137846,1.2,1.53491375,1.49430957
30.3231822,1.2,1.51270918,1.49430957
30.338167,1.2,1.54679368,1.49430957
30.3462184,1.2,1.50026007,1.49430957
30.3532676,1.2,1.54284688,1.49430957
30.3653535,1.4,1.53129933,1.49430957
30.3718648,1.4,1.55079763,1.49430957
30.3844447,1.4,1.55335979,1.49430957
30.393477,1.4,1.56258066,1.49430957
30.4065287,1.4,1.58537531,1.49430957
30.4158793,1.4,1.60674292,1.49430957
30.4244166,1.4,1.62182448,1.49430957
30.43386,1.4,1.63514581,1.49430957
30.4440088,1.4,1.65642784,1.49430957
30.4517041,1.4,1.66928707,1.49430957
30.4634042,1.4,1.70556287,1.49430957
30.4751479,1.4,1.7295542,1.49430957
30.4831324,1.4,1.75161881,1.49430957
30.4951365,1.4,1.7211974,1.49430957
30.5029832,1.4,1.7510715,1.49430957
30.5134325,1.4,1.80314914,1.49430957
30.5227027,1.4,1.82381907,1.49430957
30.5356757,1.4,1.84071684,1.49430957
30.5444307,1.4,1.81947014,1.49430957
30.5535966,1.4,1.85375949,1.49430957
30.5651034,1.4,1.84906241,1.49430957
30.5745186,1.4,1.85615211,1.49430957
30.5866015,1.4,1.86129543,1.65621387
30.5929387,1.4,1.87379751,1.65621387
30.6018826,1.4,1.86571491,1.65621387
30.6132094,1.4,1.86677337,1.65621387
30.6231142,1.33914512,1.84105025,1.65621387
30.6341756,1.33914512,1.86862872,1.65621387
30.6430218,1.33914512,1.86712044,1.65621387
30.6552762,1.33914512,1.86217573,1.65621387
30.6654712,1.33914512,1.8542052,1.65621387
30.6759033,1.22056945,1.84814542,1.65621387
30.6852171,1.2,1.84101478,1.65621387
30.6938176,1.2,1.83769631,1.65621387
30.7037046,1.2,1.83005867,1.65621387
30.7135367,1.2,1.84402188,1.65621387
30.7234887,1.2,1.82138142,1.65621387
30.7336483,1.2,1.79043167,1.65621387
30.7440118,1.2,1.79153611,1.65621387
30.7537572,1.2,1.74397363,1.65621387
30.7658309,1.2,1.69003575,1.65621387
30.7743647,1.2,1.6803853,1.65621387
30.7851147,1.2,1.6440724,1.65621387
30.7953184,1.2,1.62445583,1.65621387
30.8053971,1.2,1.60335912,1.65621387
30.8150861,1.2,1.57819683,1.65621387
30.8255776,1.2,1.55901344,1.65621387
30.839594,1.2,1.55043765,1.65621387
30.846838,1.4,1.53010246,1.60695053
30.8546546,1.4,1.52822194,1.60695053
30.8658041,1.4,1.53639092,1.60695053
30.8808937,1.4,1.45504109,1.60695053
30.8933173,1.2,1.52448665,1.60695053
30.9003552,1.2,1.51435877,1.51096098
30.9081216,1.2,1.5319939,1.49430957
30.9141496,1.2,1.48301876,1.49430957
30.9223357,1.2,1.52836397,1.49430957
30.9336901,1.2,1.54246239,1.49430957
30.9440787,1.2,1.53714738,1.49430957
30.9554054,1.2,1.52802249,1.49430957
30.9643643,1.2,1.55193294,1.49430957
30.9719763,1.2,1.52780956,1.49430957
30.9836002,1.2,1.54493754,1.49430957
30.995486,1.2,1.55009154,1.49430957
31.0030669,1.2,1.53240924,1.49430957
31.0163914,1.2,1.56744926,1.49430957
31.0266977,1.2,1.53778252,1.49430957
31.032928,1.2,1.52878821,1.49430957
31.0478423,1.2,1.56544112,1.49430957
31.0525259,1.2,1.53223766,1.49430957
31.0654151,1.2,1.57846358,1.49430957
31.0736112,1.2,1.55025183,1.65621387
31.0837943,1.2,1.54813994,1.65621387
31.0949219,1.2,1.53572252,1.65621387
31.1026411,1.2,1.56741126,1.65621387
31.1191965,1.2,1.57454999,1.49430957
31.1253936,1.2,1.53138194,1.49430957
31.1336062,1.2,1.5668663,1.49430957
31.1437798,1.2,1.56097495,1.49430957
31.1549528,1.2,1.58588974,1.49430957
31.1642807,1.2,1.53336903,1.49430957
31.1751144,1.2,1.56228812,1.49430957
31.1818975,1.2,1.60223182,1.49430957
31.1922675,1.2,1.58294699,1.49430957
31.2036833,1.2,1.60827336,1.49430957
31.2129367,1.2,1.51206437,1.49430957
31.2251283,1.2,1.55885116,1.49430957
31.2357689,1.2,1.57072824,1.49430957
31.2432345,1.2,1.5888563,1.49430957
31.2531797,1.2,1.58071237,1.49430957
31.264548,1.2,1.5706889,1.49430957
31.2750055,1.2,1.58988473,1.49430957
31.284373,1.2,1.58950799,1.49430957
31.2949337,1.2,1.55919306,1.49430957
31.3039138,1.2,1.54575389,1.49430957
31.3141281,1.2,1.59262226,1.49430957
31.3228144,1.2,1.55407069,1.49430957
31.3361335,1.2,1.55846696,1.49430957
31.3450275,1.2,1.55289031,1.49430957
31.3526222,1.2,1.54828059,1.49430957
31.3638228,1.2,1.55250199,1.49430957
31.3722028,1.2,1.53557739,1.49430957
31.3837161,1.2,1.54328972,1.49430957
31.3930519,1.2,1.53034418,1.49430957
31.4017242,1.2,1.53882148,1.49430957
31.4154729,1.2,1.54821844,1.49430957
31.4219639,1.2,1.53912555,1.49430957
31.4317698,1.2,1.53996498,1.49430957
31.4444851,1.2,1.54206408,1.49430957
31.4518116,1.2,1.54009744,1.49430957
31.4637499,1.2,1.55248119,1.49430957
31.4738305,1.2,1.56492873,1.49430957
31.4830305,1.2,1.54941198,1.49430957
31.4918557,1.2,1.53835505,1.49430957
31.5054546,1.2,1.54245586,1.49430957
31.51157,1.2,1.54539272,1.49430957
31.5222082,1.2,1.53424442,1.49430957
31.5320569,1.2,1.58440577,1.49430957
31.544635,1.2,1.52099784,1.49430957
31.5552234,1.2,1.5888573,1.49430957
31.5656201,1.2,1.53444448,1.49430957
31.5741759,1.2,1.55682014,1.49430957
31.5812047,1.2,1.55358225,1.49430957
31.5947409,1.2,1.54909164,1.49430957
31.6019543,1.2,1.54228605,1.49430957
31.6110966,1.2,1.55347767,1.49430957
31.6224332,1.2,1.59384428,1.49430957
31.6334289,1.2,1.54990143,1.49430957
31.6461321,1.2,1.56181631,1.49430957
31.6526861,1.2,1.521609,1.49430957
31.6611702,1.2,1.54114441,1.49430957
31.672481,1.2,1.54674823,1.49430957
31.6824475,1.2,1.54466415,1.49430957
31.6934769,1.2,1.54988978,1.49430957
31.7021621,1.2,1.54593835,1.49430957
31.7141331,1.2,1.5447787,1.49430957
31.7222777,1.2,1.54365051,1.49430957
31.7320671,1.2,1.54740888,1.49430957
31.7441933,1.2,1.53579757,1.49430957
31.7530425,1.2,1.55315484,1.49430957
31.764707,1.2,1.5422142,1.49430957
31.7731553,1.2,1.55165552,1.49430957
31.7837146,1.2,1.52643513,1.49430957
31.7924093,1.2,1.5613683,1.49430957
31.8024108,1.2,1.54997793,1.49430957
31.8118195,1.2,1.55793399,1.49430957
31.824286,1.2,1.55642714,1.49430957
31.8337884,1.2,1.55858722,1.49430957
31.8430378,1.2,1.55111349,1.49430957
31.8551542,1.2,1.55509769,1.49430957
31.8646849,1.2,1.54779249,1.49430957
31.8715974,1.2,1.52174834,1.49430957
31.8806703,1.2,1.55100369,1.49430957
31.8914536,1.2,1.55149617,1.49430957
31.9042396,1.2,1.52170462,1.49430957
31.9124464,1.2,1.5529839,1.49430957
31.9265412,1.2,1.54677991,1.49430957
31.933548,1.2,1.55543892,1.49430957
31.9425196,1.2,1.56206101,1.49430957
31.9530448,1.2,1.56733652,1.49430957
31.963044,1.2,1.5516883,1.49430957
31.9726759,1.4,1.56179962,1.49430957
31.9881623,1.2,1.54546214,1.49430957
31.9935413,1.2,1.59875227,1.49430957
32.0046626,1.2,1.58904712,1.49430957
32.011962,1.2,1.62493503,1.49430957
32.0247915,1.2,1.59367639,1.49430957
32.0341032,1.2,1.6018501,1.49430957
32.0425439,1.2,1.60455447,1.49430957
32.0514399,1.2,1.62279921,1.49430957
32.061878,1.2,1.58342584,1.49430957
32.0749357,1.2,1.55579272,1.49430957
33.1460021,1.2,1.53101657,1.49430957
33.1549901,1.2,1.534386,1.49430957
33.1617317,1.2,1.5280716,1.49430957
33.1764411,1.2,1.53989579,1.49430957
33.1817471,1.2,1.53349013,1.49430957
33.2006963,1.2,1.53367273,1.49430957
33.2064749,1.2,1.54313643,1.49430957
33.2135186,1.2,1.53798442,1.49430957
33.2251996,1.2,1.5464922,1.49430957
33.2351495,1.2,1.57068808,1.49430957
33.2445076,1.2,1.53808755,1.49430957
33.255422,1.2,1.54202373,1.49430957
33.2678682,1.2,1.5188248,1.49430957
33.2750995,1.2,1.54457114,1.49430957
33.2829939,1.2,1.53834156,1.49430957
33.2942681,1.2,1.57628679,1.49430957
33.3040552,1.2,1.54237219,1.49430957
33.3123361,1.2,1.52615071,1.49430957
33.3246002,1.2,1.53836356,1.49430957
33.3343271,1.2,1.56429284,1.49430957
33.3451449,1.2,1.51919844,1.49430957
33.3557732,1.2,1.55361685,1.49430957
33.3630804,1.2,1.52166853,1.49430957
33.3721572,1.2,1.54689554,1.49430957
33.3848578,1.2,1.51651497,1.49430957
33.3919583,1.2,1.53865439,1.49430957
33.4057425,1.2,1.53723593,1.49430957
33.4157176,1.2,1.52187124,1.49430957
33.4251993,1.2,1.5304852,1.49430957
33.433338,1.2,1.51036103,1.49430957
33.4450532,1.2,1.53483611,1.49430957
33.4544432,1.2,1.56007807,1.49430957
33.4651563,1.2,1.5052713,1.49430957
33.4744414,1.2,1.55911569,1.49430957
33.4832094,1.2,1.56634471,1.49430957
33.4946231,1.2,1.5325045,1.49430957
33.5065934,1.2,1.52936771,1.49430957
33.5141533,1.2,1.53967249,1.49430957
33.5243627,1.2,1.51157338,1.49430957
33.535253,1.2,1.59376445,1.49430957
33.5471148,1.2,1.51053306,1.49430957
33.5573418,1.2,1.54702142,1.49430957
33.5670479,1.2,1.53903868,1.49430957
33.5766766,1.2,1.50361569,1.49430957
33.5841158,1.2,1.53701686,1.49430957
33.5935599,1.2,1.5470132,1.49430957
33.6040652,1.2,1.52089481,1.49430957
33.6180919,1.2,1.54970746,1.49430957
33.624965,1.2,1.5336537,1.49430957
33.638218,1.2,1.54013724,1.49430957
33.64511,1.2,1.51462579,1.49430957
33.653631,1.2,1.5697197,1.49430957
33.6662857,1.2,1.5461876,1.49430957
33.6753783,1.2,1.55338537,1.49430957
33.6827549,1.2,1.52713288,1.49430957
33.6952671,1.2,1.55167107,1.49430957
33.7040326,1.2,1.52515898,1.49430957
33.7135968,1.2,1.52557472,1.49430957
33.7238731,1.2,1.56345535,1.49430957
33.7336885,1.4,1.53846189,1.49430957
33.744518,1.4,1.55934655,1.49430957
33.7539646,1.4,1.54781711,1.49430957
33.7681352,1.4,1.55755778,1.49430957
33.7753845,1.4,1.58684161,1.49430957
33.781916,1.4,1.60007166,1.49430957
33.7930527,1.4,1.62744166,1.49430957
33.8034925,1.4,1.65982772,1.49430957
33.8128657,1.4,1.70442756,1.49430957
33.8356831,1.4,1.70022084,1.49430957
33.8414835,1.4,1.71826568,1.49430957
33.8486892,1.4,1.74098023,1.49430957
33.8552718,1.4,1.76923171,1.49430957
33.8637171,1.4,1.79002956,1.49430957
33.8739235,1.4,1.77938982,1.49430957
33.8841158,1.4,1.82322069,1.49430957
33.8945097,1.4,1.82545687,1.49430957
33.9037106,1.4,1.84982633,1.49430957
33.9149046,1.4,1.84142029,1.49430957
33.9240257,1.4,1.86247506,1.49430957
33.9362138,1.4,1.86759162,1.49430957
33.9453507,1.4,1.85188955,1.49430957
33.9523255,1.4,1.86245889,1.65621387
33.9631995,1.4,1.85831678,1.65621387
33.9772304,1.4,1.88042712,1.65621387
33.9825241,1.4,1.85030097,1.65621387
33.9940026,1.4,1.8746929,1.65621387
34.0041973,1.4,1.85809304,1.65621387
34.017667,1.4,1.87677886,1.65621387
34.0246406,1.4,1.85056541,1.65621387
34.0326338,1.4,1.87207711,1.65621387
34.0484168,1.4,1.85381406,1.65621387
34.0542429,1.4,1.87865036,1.65621387
34.0637172,1.4,1.86800575,1.65621387
34.0723365,1.4,1.86112755,1.65621387
34.0843306,1.4,1.85688953,1.65621387
34.09367,1.4,1.85345451,1.65621387
34.1063416,1.4,1.85403359,1.65621387
34.1133017,1.4,1.87239512,1.65621387
34.1242001,1.4,1.85157738,1.65621387
34.1331478,1.4,1.84895285,1.65621387
34.1445796,1.4,1.85335718,1.65621387
34.1534208,1.4,1.86031164,1.65621387
34.166152,1.4,1.84054348,1.65621387
34.1732132,1.4,1.84323599,1.65621387
34.1828578,1.4,1.84767974,1.65621387
34.1934821,1.4,1.83962486,1.65621387
34.2018311,1.4,1.84565974,1.65621387
34.2142104,1.4,1.85092501,1.65621387
34.2228984,1.4,1.84103907,1.65621387
34.2339636,1.4,1.85223381,1.65621387
34.2564042,1.4,1.84233363,1.65621387
34.2666113,1.4,1.84631618,1.65621387
34.2726204,1.4,1.85579137,1.65621387
34.2777497,1.4,1.84418936,1.65621387
34.284253,1.4,1.83838678,1.65621387
34.2936203,1.4,1.84720756,1.65621387
34.3053951,1.4,1.84342659,1.65621387
34.3133072,1.4,1.82650391,1.65621387
34.322759,1.4,1.84011893,1.65621387
34.3345866,1.4,1.82142853,1.65621387
34.3431202,1.4,1.85223325,1.65621387
34.3575713,1.4,1.84034547,1.65621387
34.3654438,1.4,1.8397137,1.65621387
34.3746159,1.4,1.82379774,1.65621387
34.3833472,1.4,1.85599579,1.65621387
34.3919985,1.4,1.82944722,1.65621387
34.4037285,1.4,1.84611288,1.65621387
34.4135338,1.4,1.8484684,1.65621387
34.4226594,1.4,1.86080586,1.65621387
34.433291,1.4,1.82416569,1.65621387
34.4440089,1.4,1.84261044,1.65621387
34.4527847,1.4,1.84666559,1.65621387
34.465698,1.4,1.84684237,1.65621387
34.4780294,1.4,1.85372994,1.65621387
34.4821908,1.4,1.82945704,1.65621387
34.4952914,1.38131891,1.84027865,1.65621387
34.5045765,1.38131891,1.84060213,1.65621387
34.5165493,1.38131891,1.83458472,1.65621387
34.5268586,1.38131891,1.83700198,1.65621387
34.533745,1.38131891,1.84154842,1.65621387
34.5434779,1.35614573,1.82020342,1.65621387
34.5567851,1.36565608,1.83210536,1.65621387
34.5646435,1.36565608,1.82973274,1.65621387
34.573014,1.36565608,1.82285242,1.65621387
34.5877456,1.4,1.82965745,1.65621387
34.5950618,1.4,1.81696548,1.65621387
34.6034214,1.4,1.83635757,1.65621387
34.6114869,1.4,1.78674768,1.65621387
34.6247489,1.4,1.80033506,1.65621387
34.6375683,1.4,1.8098959,1.65621387
34.6463657,1.4,1.81808067,1.65621387
34.6551948,1.4,1.81348227,1.65621387
34.6657666,1.4,1.78954231,1.65621387
34.6742179,1.4,1.84065939,1.65621387
34.6843038,1.4,1.80330642,1.65621387
34.6933516,1.4,1.83682264,1.65621387
34.7034658,1.4,1.82104568,1.65621387
34.7137272,1.4,1.84161146,1.64109113
34.725327,1.4,1.85770469,1.64109113
34.7334733,1.4,1.82935158,1.64109113
34.7442421,1.4,1.86015746,1.64109113
34.7543581,1.4,1.84944871,1.64109113
34.7646351,1.4,1.84728465,1.62071289
34.7735013,1.4,1.85401458,1.62841173
34.7872766,1.4,1.83825074,1.62841173
34.7944682,1.4,1.8582816,1.62841173
34.8051385,1.4,1.87466343,1.65621387
34.8129343,1.4,1.85982733,1.65621387
34.827439,1.36256591,1.83009293,1.65621387
34.834375,1.36256591,1.88187506,1.65621387
34.8444856,1.36256591,1.85042961,1.65621387
34.8546605,1.4,1.85524547,1.65621387
34.865633,1.4,1.8371629,1.65621387
34.8752555,1.4,1.85187357,1.65621387
34.8917242,1.4,1.80836628,1.65621387
34.8979748,1.4,1.79608134,1.65621387
34.9050753,1.4,1.80945611,1.65621387
34.912605,1.4,1.87494555,1.65621387
34.926023,1.4,1.79207192,1.65621387
34.9335505,1.4,1.81674484,1.65621387
34.9457394,1.4,1.85546595,1.65621387
34.9545104,1.4,1.83212763,1.65621387
34.96362,1.4,1.79200008,1.65621387
34.9757366,1.4,1.83832683,1.65621387
34.9852937,1.4,1.83388666,1.65621387
34.9967013,1.4,1.83316014,1.65621387
35.0048474,1.4,1.86404318,1.65621387
35.0188245,1.4,1.83446025,1.65621387
35.0283717,1.4,1.83341343,1.65621387
35.035823,1.4,1.83580442,1.65621387
35.0428312,1.4,1.83018823,1.62591017
35.0539672,1.4,1.84354714,1.62591017
35.0675357,1.4,1.84623578,1.62591017
35.0767579,1.4,1.84465106,1.65621387
35.0834592,1.4,1.84857607,1.65621387
35.0970236,1.4,1.84400164,1.65621387
35.1078223,1.4,1.85203484,1.65621387
35.1159583,1.4,1.851792,1.65621387
35.1268421,1.4,1.8577964,1.65621387
35.1389945,1.4,1.83575862,1.65621387
35.1472002,1.4,1.85633108,1.65621387
35.155255,1.4,1.84121598,1.65621387
35.1635347,1.4,1.85152715,1.65621387
35.1742044,1.4,1.82502943,1.65621387
35.1837116,1.4,1.84927367,1.65621387
35.1939592,1.4,1.85632438,1.65621387
35.2051575,1.4,1.83447247,1.65621387
35.2131171,1.4,1.84407082,1.65621387
35.2237416,1.4,1.84178572,1.65621387
35.233581,1.4,1.85282263,1.65621387
35.246755,1.4,1.85506751,1.65621387
35.2531059,1.4,1.84741801,1.65621387
35.2644128,1.4,1.84885345,1.65621387
35.275542,1.4,1.85203732,1.65621387
35.2852495,1.4,1.83126169,1.65621387
35.2924043,1.4,1.85050921,1.65621387
35.3039237,1.4,1.85006174,1.65621387
35.3167782,1.4,1.85230789,1.65621387
35.3240441,1.4,1.85018915,1.65621387
35.3340622,1.4,1.85444477,1.65621387
35.3438341,1.4,1.85121576,1.65621387
35.3554737,1.4,1.83732613,1.65621387
35.3669293,1.4,1.87011688,1.65621387
35.3745634,1.4,1.85550306,1.65621387
35.3836798,1.4,1.81086051,1.65621387
35.3929187,1.4,1.85378673,1.65621387
35.4063439,1.4,1.84378487,1.65621387
35.4143734,1.4,1.85378607,1.65621387
35.4240483,1.4,1.83782584,1.65621387
35.4341691,1.4,1.85104436,1.65621387
35.4419108,1.4,1.86533399,1.65621387
35.4556148,1.4,1.83613519,1.65621387
35.4658357,1.4,1.83372768,1.65621387
35.4730707,1.4,1.82595245,1.65621387
35.4843562,1.4,1.83426021,1.65621387
35.4951229,1.4,1.84394139,1.65621387
35.5045215,1.4,1.84548466,1.65621387
35.5130183,1.4,1.84247322,1.65621387
35.5241629,1.4,1.84034412,1.65621387
35.5346957,1.4,1.84235572,1.65621387
35.5480424,1.4,1.8422434,1.65621387
35.5568671,1.4,1.83337106,1.65621387
35.5634584,1.4,1.84196123,1.65621387
35.575539,1.4,1.80365252,1.65621387
35.5843636,1.4,1.83578358,1.65621387
35.5958346,1.4,1.83356718,1.65621387
35.6064538,1.4,1.84935215,1.65621387
35.6129833,1.4,1.84780569,1.65621387
35.6233917,1.4,1.84160992,1.65621387
35.6321685,1.4,1.84522836,1.65621387
35.6441737,1.4,1.8286334,1.65621387
35.6554113,1.4,1.85199285,1.65621387
35.6627333,1.4,1.83222218,1.65621387
35.672493,1.4,1.86874299,1.65621387
35.6867427,1.4,1.82361502,1.65621387
35.6934929,1.4,1.83537717,1.65621387
35.7144624,1.4,1.84284489,1.65621387
35.7192505,1.4,1.82787863,1.65621387
35.7255984,1.4,1.85817806,1.65621387
35.7342783,1.4,1.81930201,1.65621387
35.7425322,1.4,1.83460823,1.65621387
35.7531974,1.4,1.83162875,1.65621387
35.7645949,1.4,1.8489249,1.65621387
35.7760872,1.4,1.83038462,1.65621387
35.7841794,1.4,1.850985,1.65621387
35.7930093,1.4,1.83815032,1.65621387
35.80685,1.4,1.83925462,1.65621387
35.8219798,1.4,1.84031317,1.65621387
35.829031,1.4,1.83827149,1.65621387
35.8338801,1.4,1.82799785,1.65621387
35.8437162,1.4,1.84243768,1.65621387
35.8529644,1.4,1.85321424,1.65621387
35.8629989,1.4,1.84155065,1.65621387
35.8733816,1.4,1.8406698,1.65621387
35.8828779,1.4,1.84906288,1.65621387
35.8980062,1.4,1.82796384,1.65621387
35.9046185,1.4,1.84251231,1.65621387
35.9224606,1.4,1.83975536,1.65621387
35.9291314,1.4,1.84258002,1.65621387
35.9356251,1.37790896,1.84929253,1.65621387
35.945379,1.2,1.85107662,1.65621387
35.9534453,1.2,1.83791215,1.65621387
35.9641212,1.2,1.84461474,1.65621387
35.9739659,1.2,1.84601099,1.65621387
35.9840602,1.2,1.82061932,1.65621387
35.9930917,1.2,1.81619419,1.65621387
36.0038401,1.2,1.83100139,1.65621387
36.0131169,1.2,1.79821932,1.65621387
36.0230184,1.2,1.77494643,1.65621387
36.0334649,1.2,1.74559033,1.65621387
36.0459109,1.2,1.71247567,1.65621387
36.0527548,1.2,1.68696817,1.65621387
36.0641485,1.2,1.6130191,1.65621387
36.0745443,1.2,1.6550457,1.65621387
36.0829508,1.2,1.57778844,1.65621387
36.0974682,1.2,1.61359122,1.65621387
36.105121,1.2,1.55098926,1.65621387
36.1127513,1.2,1.56323878,1.65621387
36.1347219,1.2,1.5217135,1.65621387
36.1430965,1.2,1.51544372,1.65621387
36.1543709,1.2,1.52364403,1.6383307
36.160193,1.2,1.5040223,1.49430957
36.1733266,1.2,1.48174116,1.49430957
36.1820533,1.2,1.47963086,1.49430957
36.1886885,1.2,1.48597313,1.49430957
36.2010061,1.2,1.45189594,1.49430957
36.2094746,1.4,1.45672077,1.49430957
36.2213785,1.4,1.4471185,1.49430957
36.2329854,1.4,1.43571826,1.49430957
36.2413763,1.4,1.44568034,1.49430957
36.2530635,1.4,1.45902193,1.49430957
36.2611261,1.4,1.46757966,1.49430957
36.2722842,1.2,1.52197578,1.49430957
36.2824799,1.2,1.55904369,1.49430957
36.2889077,1.4,1.58935101,1.49430957
36.3010831,1.4,1.63477354,1.49430957
36.311062,1.4,1.65706468,1.49430957
36.3241815,1.4,1.63672762,1.49430957
36.3372209,1.4,1.65850391,1.49430957
36.3440207,1.4,1.65986147,1.49430957
36.3560528,1.4,1.69445193,1.49430957
36.3610314,1.4,1.73435275,1.49430957
36.3661263,1.4,1.74521195,1.49430957
36.3738339,1.4,1.80842129,1.49430957
36.3834467,1.4,1.78482054,1.49430957
36.3938888,1.4,1.81144622,1.49430957
36.4067537,1.4,1.83028574,1.49430957
36.4152443,1.4,1.84028017,1.49430957
36.4231503,1.4,1.85425376,1.49430957
36.4323171,1.4,1.85140135,1.65621387
36.4419836,1.4,1.83911062,1.65621387
36.4513587,1.4,1.87425109,1.65621387
36.4615764,1.4,1.88572283,1.65621387
36.4813294,1.4,1.8663007,1.65621387
36.4908584,1.2,1.87428192,1.49430957
36.4961439,1.2,1.8697226,1.49430957
36.503242,1.2,1.88153418,1.49430957
36.5136038,1.2,1.85983215,1.65621387
36.524903,1.2,1.85847561,1.65621387
36.5325692,1.2,1.8613439,1.65621387
36.5514283,1.2,1.86964179,1.65621387
36.5603992,1.2,1.8293653,1.65621387
36.5702621,1.2,1.81855084,1.65621387
36.5827191,1.2,1.80141651,1.65621387
36.5896306,1.2,1.73057206,1.65621387
36.6033426,1.2,1.70759467,1.65621387
36.6110852,1.2,1.68263459,1.65621387
36.6209986,1.2,1.65332385,1.65621387
36.6291857,1.2,1.62548425,1.65621387
36.6332335,1.2,1.60164525,1.65621387
36.642862,1.2,1.57602983,1.65621387
36.6533463,1.2,1.56188336,1.65621387
36.6639334,1.2,1.52176205,1.65621387
36.6742543,1.2,1.53506315,1.65621387
37.7052808,1.2,1.54488879,1.49430957
37.7142987,1.2,1.53802575,1.49430957
37.725422,1.2,1.52303208,1.49430957
37.7332176,1.2,1.53673431,1.49430957
37.7454446,1.2,1.52736286,1.49430957
37.7553327,1.2,1.53498928,1.49430957
37.7640548,1.2,1.51067092,1.49430957
37.7749577,1.2,1.52466329,1.49430957
37.7862838,1.2,1.52233697,1.49430957
37.7972394,1.2,1.51565079,1.49430957
37.8049193,1.2,1.5305819,1.49430957
37.8127239,1.2,1.54336602,1.49430957
37.8262326,1.2,1.51603577,1.49430957
37.8324024,1.2,1.52485329,1.49430957
37.8432985,1.2,1.53412285,1.49430957
37.8538896,1.2,1.55888397,1.49430957
37.8657208,1.2,1.51581685,1.49430957
37.8784272,1.2,1.55331735,1.49430957
37.8833856,1.2,1.53050101,1.49430957
37.89257,1.2,1.51496184,1.49430957
37.9027289,1.2,1.53616024,1.49430957
37.9128629,1.2,1.55549338,1.49430957
37.9272781,1.2,1.49858477,1.49430957
37.9337308,1.2,1.55752595,1.49430957
37.9431115,1.2,1.5184528,1.49430957
37.9540352,1.2,1.52852506,1.49430957
37.9644032,1.6,1.5522546,1.49430957
37.9749581,1.6,1.53621645,1.49430957
37.9823619,1.6,1.5486403,1.49430957
37.9933033,1.6,1.56619094,1.49430957
38.0048343,1.6,1.59416972,1.49430957
38.0156632,1.6,1.6350731,1.49430957
38.0265183,1.6,1.66686414,1.49430957
38.0341888,1.6,1.70128202,1.49430957
38.0432529,1.6,1.75006684,1.49430957
38.0540434,1.6,1.77237218,1.49430957
38.0623918,1.6,1.79766096,1.49430957
38.0739321,1.6,1.8409169,1.49430957
38.08607,1.6,1.83715154,1.49430957
38.0946185,1.6,1.90833248,1.49430957
38.1056736,1.6,1.8877481,1.49430957
38.1129796,1.6,1.96470872,1.49430957
38.1231205,1.6,1.98450337,1.49430957
38.1345995,1.6,1.99548759,1.49430957
38.1438645,1.6,2.0341569,1.49430957
38.1545128,1.6,2.0408634,1.49430957
38.1644953,1.6,2.07751668,1.49430957
38.174897,1.6,2.08447017,1.49430957
38.1839377,1.6,2.10526788,1.81811817
38.1954893,1.6,2.10432076,1.81811817
38.2025739,1.6,2.11619387,1.81811817
38.2128674,1.6,2.12529545,1.81811817
38.2241026,1.42207559,2.12330965,1.81811817
38.2346322,1.2,2.13939668,1.81811817
38.2439458,1.2,2.13382729,1.81811817
38.2563354,1.2,2.13179558,1.81811817
38.2639174,1.2,2.1414259,1.81811817
38.2749219,1.2,2.09949394,1.81811817
38.2842948,1.2,2.09022545,1.81811817
38.2958768,1.2,2.04652593,1.81811817
38.3061968,1.2,1.98602457,1.81811817
38.3145569,1.2,1.93809407,1.81811817
38.3229751,1.2,1.89551312,1.81811817
38.3349246,1.2,1.8458057,1.81811817
38.3442694,1.2,1.80670858,1.81811817
38.3542098,1.2,1.72909799,1.81811817
38.3657314,1.2,1.75337376,1.81811817
38.3738718,1.2,1.69627937,1.81811817
38.3838081,1.2,1.68398853,1.81811817
38.3949821,1.2,1.63927169,1.81811817
38.4051518,1.2,1.61671826,1.81811817
38.4138719,1.2,1.56821258,1.81811817
38.4244053,1.2,1.56354742,1.81811817
38.4348054,1.2,1.54652343,1.81811817
38.4439187,1.6,1.53386335,1.81811817
38.455117,1.6,1.50390408,1.49430957
38.4654392,1.6,1.51901374,1.49430957
38.4725756,1.6,1.52803485,1.49430957
38.4834039,1.6,1.50661155,1.49430957
38.4947154,1.33215145,1.56375068,1.49430957
38.5073628,1.33215145,1.59993875,1.49430957
38.51432,1.33215145,1.62890637,1.49430957
38.5260828,1.33215145,1.64700319,1.49430957
38.5334568,1.2,1.66563111,1.49430957
38.5445242,1.2,1.69562217,1.49430957
38.55545,1.2,1.66394309,1.49430957
38.5627136,1.2,1.70549166,1.49430957
38.5750477,1.2,1.7035802,1.49430957
38.5840137,1.2,1.65854817,1.49430957
38.5946236,1.2,1.66539257,1.49430957
38.6038222,1.2,1.69108587,1.49430957
38.6115183,1.2,1.65013677,1.49430957
38.6237988,1.2,1.67690692,1.49430957
38.6375276,1.2,1.63467831,1.49430957
38.6458735,1.2,1.63625146,1.49430957
38.6550735,1.2,1.65248637,1.49430957
38.6614622,1.2,1.60620877,1.49430957
38.6741679,1.2,1.61342168,1.81811817
38.6869173,1.2,1.59078371,1.81811817
38.693703,1.2,1.61377162,1.81811817
38.7080027,1.2,1.57529317,1.60128901
38.7139473,1.2,1.59256938,1.60128901
38.7247367,1.2,1.5508887,1.60128901
38.732392,1.2,1.54407115,1.60128901
38.7483948,1.2,1.55940259,1.60128901
38.7618227,1.2,1.51055809,1.49430957
38.7694863,1.2,1.52756941,1.49430957
38.7749468,1.2,1.5384519,1.49430957
38.7858745,1.2,1.48649523,1.49430957
38.7954743,1.2,1.51929675,1.49430957
38.8039044,1.2,1.49080344,1.49430957
38.8150758,1.2,1.50745655,1.49430957
38.8236544,1.2,1.51679734,1.49430957
38.8331862,1.2,1.48126528,1.49430957
38.8423984,1.2,1.50099972,1.49430957
38.8539855,1.2,1.45485776,1.49430957
38.8627574,1.2,1.51658341,1.49430957
38.8740688,1.2,1.48584644,1.49430957
38.8853996,1.2,1.48720106,1.49430957
38.8936585,1.2,1.51931108,1.49430957
38.9046251,1.2,1.49836385,1.49430957
38.9142944,1.2,1.4741427,1.49430957
38.9248282,1.2,1.50335241,1.49430957
38.9373531,1.2,1.51269031,1.49430957
38.9435314,1.2,1.51224103,1.49430957
38.9541432,1.2,1.51614356,1.49430957
38.9641611,1.2,1.51527276,1.49430957
38.9721155,1.2,1.53391809,1.49430957
38.9840107,1.2,1.52315944,1.49430957
38.9959821,1.2,1.52800276,1.49430957
39.0079736,1.2,1.55491462,1.49430957
39.0151096,1.2,1.50912711,1.49430957
39.0262192,1.2,1.57279666,1.49430957
39.0343981,1.2,1.52876417,1.49430957
39.042731,1.2,1.52641919,1.49430957
39.0524419,1.2,1.53557959,1.49430957
39.0688166,1.2,1.56215313,1.49430957
39.0786097,1.2,1.52829379,1.49430957
39.0852728,1.2,1.5471804,1.49430957
39.0951781,1.2,1.55056341,1.49430957
39.1053141,1.2,1.58026416,1.49430957
39.1141132,1.2,1.55629978,1.49430957
39.1241677,1.2,1.54860953,1.49430957
39.1327698,1.2,1.56872725,1.49430957
39.1435275,1.2,1.55731891,1.49430957
39.1552148,1.2,1.55855046,1.49430957
39.164552,1.2,1.60006187,1.49430957
39.1730121,1.2,1.57583506,1.49430957
39.1834312,1.2,1.54130025,1.49430957
39.1921375,1.2,1.57017441,1.49430957
39.2047519,1.2,1.50522655,1.49430957
39.2139981,1.2,1.57386352,1.49430957
39.2245902,1.2,1.56292546,1.49430957
39.2369952,1.2,1.55427469,1.49430957
39.2452033,1.2,1.55323639,1.49430957
39.2553607,1.2,1.55048321,1.49430957
39.2640052,1.2,1.54743825,1.49430957
39.2773607,1.2,1.54673325,1.49430957
39.2872431,1.2,1.54853889,1.49430957
39.2948546,1.2,1.54018227,1.49430957
39.3051722,1.2,1.52540113,1.49430957
39.3152106,1.2,1.56360668,1.49430957
39.3232753,1.2,1.54622637,1.49430957
39.3336316,1.2,1.55058867,1.49430957
39.34549,1.2,1.5604352,1.49430957
39.3537822,1.2,1.55607631,1.49430957
39.3646701,1.2,1.54924883,1.49430957
39.3735502,1.2,1.54294276,1.49430957
39.3848519,1.2,1.55126203,1.49430957
39.3951339,1.2,1.55572771,1.49430957
39.4040152,1.2,1.52765658,1.49430957
39.4141235,1.2,1.54630157,1.49430957
39.4279703,1.2,1.56283251,1.49430957
39.4351701,1.2,1.5436075,1.49430957
39.4444363,1.2,1.54184975,1.49430957
39.4546423,1.2,1.53464493,1.49430957
39.4636214,1.2,1.52500375,1.49430957
39.4788325,1.2,1.54002076,1.49430957
39.4862959,1.4685472,1.56125371,1.49430957
39.4936164,1.4685472,1.56182738,1.49430957
39.5070738,1.4685472,1.55532382,1.49430957
39.5160617,1.4685472,1.60746294,1.49430957
39.5246487,1.4685472,1.61042148,1.49430957
39.5358525,1.6,1.64151408,1.49430957
39.5439088,1.2,1.66540811,1.49430957
39.5565531,1.2,1.70517337,1.49430957
39.5649299,1.2,1.75232942,1.49430957
39.5717198,1.2,1.76536088,1.49430957
39.5853439,1.2,1.75314835,1.49430957
39.5935779,1.2,1.74170368,1.49430957
39.6042737,1.2,1.73905433,1.49430957
39.6135408,1.2,1.7178075,1.49430957
39.6229736,1.2,1.73727972,1.49430957
39.6350634,1.2,1.72005771,1.49430957
39.6508802,1.2,1.714636,1.49430957
39.6591091,1.2,1.70388578,1.49430957
39.6675366,1.2,1.66267209,1.49430957
39.6787237,1.2,1.67296013,1.49430957
39.687217,1.2,1.64141489,1.49430957
39.6936999,1.2,1.63331701,1.49430957
39.7068832,1.2,1.63970664,1.71170431
39.7128808,1.2,1.60070455,1.71170431
39.7255283,1.2,1.59304083,1.71170431
39.7320335,1.2,1.57902668,1.71170431
39.745557,1.2,1.56994682,1.71170431
39.7531075,1.2,1.55291451,1.81811817
39.7654649,1.2,1.55855104,1.49430957
39.7740836,1.2,1.51743466,1.49430957
39.7858126,1.2,1.52468096,1.49430957
39.7941313,1.2,1.51725852,1.49430957
39.8039122,1.2,1.50387906,1.49430957
39.8191293,1.2,1.49703215,1.49430957
39.8227881,1.2,1.46763775,1.49430957
39.8355656,1.2,1.48497559,1.49430957
39.8436087,1.2,1.47857146,1.49430957
39.8553485,1.2,1.46134852,1.49430957
39.8661356,1.2,1.43148234,1.49430957
39.8753602,1.2,1.44863986,1.49430957
39.8857289,1.2,1.42374887,1.49430957
39.8945221,1.2,1.46991495,1.49430957
39.9053764,1.2,1.44169344,1.49430957
39.9141824,1.2,1.45927934,1.49430957
39.9232715,1.2,1.45093563,1.49430957
39.9343633,1.2,1.52241669,1.49430957
39.9432165,1.2,1.46000392,1.49430957
39.9523799,1.2,1.51337611,1.49430957
39.9659551,1.2,1.47559855,1.49430957
39.9737415,1.2,1.52002105,1.49430957
39.9853707,1.2,1.51840158,1.49430957
39.996289,1.2,1.52485014,1.49430957
40.0056703,1.2,1.53368541,1.49430957
40.0143331,1.2,1.53020702,1.49430957
40.0244841,1.2,1.54326394,1.49430957
40.0340235,1.2,1.54981977,1.49430957
40.0451977,1.2,1.54953806,1.49430957
40.0553648,1.2,1.55878552,1.49430957
40.0662854,1.2,1.56024249,1.49430957
40.073445,1.2,1.56822569,1.49430957
40.0879049,1.2,1.55845816,1.49430957
40.09398,1.2,1.57043994,1.49430957
40.1041621,1.2,1.530737,1.49430957
40.116048,1.2,1.55583216,1.49430957
40.1232071,1.2,1.54768887,1.49430957
40.135089,1.2,1.55494034,1.49430957
40.1434572,1.2,1.54950268,1.49430957
40.1532707,1.2,1.55052581,1.49430957
40.1651038,1.2,1.54894316,1.49430957
40.174016,1.2,1.55495136,1.49430957
40.1837775,1.2,1.55298722,1.49430957
40.1940509,1.2,1.5506716,1.49430957
40.2028205,1.2,1.5518459,1.49430957
40.2126601,1.2,1.54492931,1.49430957
40.2253934,1.2,1.55292827,1.49430957
40.2353043,1.2,1.54732761,1.49430957
40.2430474,1.2,1.51441111,1.49430957
40.2552155,1.2,1.57097407,1.49430957
40.262859,1.2,1.5188443,1.49430957
40.2746139,1.2,1.53455856,1.49430957
40.2830805,1.2,1.54579359,1.49430957
40.2916866,1.2,1.53919899,1.49430957
40.3029098,1.2,1.53428343,1.49430957
40.3141692,1.2,1.54005244,1.49430957
40.3267271,1.2,1.54055979,1.49430957
40.3380525,1.2,1.54864794,1.49430957
40.3457748,1.2,1.58560919,1.49430957
40.3536533,1.2,1.52320678,1.49430957
40.3660344,1.2,1.48195786,1.49430957
40.3751581,1.2,1.53435332,1.49430957
40.3859796,1.2,1.52559302,1.49430957
40.39438,1.2,1.53442231,1.49430957
40.404413,1.2,1.50190984,1.49430957
40.4139216,1.2,1.5403223,1.49430957
40.4266364,1.2,1.54359292,1.49430957
40.4361174,1.2,1.53145881,1.49430957
40.4444968,1.2,1.53886825,1.49430957
40.4551735,1.2,1.54005446,1.49430957
40.4670125,1.2,1.54144337,1.49430957
40.4767726,1.2,1.529463,1.49430957
40.4870474,1.2,1.52620713,1.49430957
40.4950615,1.2,1.53802855,1.49430957
40.5039202,1.2,1.50160371,1.49430957
40.5165957,1.2,1.55261194,1.49430957
40.5270632,1.2,1.54469322,1.49430957
40.535106,1.2,1.53275717,1.49430957
40.545805,1.2,1.53882358,1.49430957
40.5527353,1.2,1.53693241,1.49430957
40.5678711,1.2,1.51730745,1.49430957
40.5744343,1.2,1.53614327,1.49430957
40.5864665,1.2,1.52868094,1.49430957
40.5938954,1.2,1.53620536,1.49430957
40.6035328,1.2,1.5420985,1.49430957
40.6116583,1.2,1.55309787,1.49430957
40.6236702,1.2,1.53031343,1.49430957
40.6362243,1.2,1.56561314,1.49430957
40.6439371,1.2,1.54778941,1.49430957
40.6566579,1.2,1.52531492,1.49430957
40.6622794,1.2,1.52860145,1.49430957
40.6762938,1.2,1.52748244,1.49430957
40.6867487,1.2,1.52707478,1.49430957
40.6932872,1.2,1.53088029,1.49430957
40.7070598,1.2,1.53084079,1.49430957
40.7128532,1.2,1.52438544,1.49430957
40.7226576,1.2,1.5508968,1.49430957
40.7336671,1.2,1.52877503,1.49430957
40.7462143,1.2,1.53119738,1.49430957
40.7572915,1.2,1.53007846,1.49430957
40.7667077,1.2,1.52445823,1.49430957
40.7736472,1.2,1.51880293,1.49430957
40.7835195,1.2,1.58180555,1.49430957
40.7943749,1.2,1.54979038,1.49430957
40.8038782,1.2,1.53757189,1.49430957
40.81352,1.2,1.52262088,1.49430957
40.8251458,1.2,1.55280923,1.49430957
40.8362257,1.2,1.56045056,1.49430957
40.8438979,1.2,1.54338698,1.49430957
40.8541671,1.2,1.52088157,1.49430957
40.8643376,1.2,1.56894021,1.49430957
40.8728843,1.2,1.52403355,1.49430957
40.8847101,1.2,1.55029707,1.49430957
40.8943142,1.2,1.5675728,1.49430957
40.9083814,1.2,1.54504698,1.49430957
40.914251,1.2,1.52443917,1.49430957
40.9229276,1.2,1.53560758,1.49430957
40.9341177,1.2,1.53098748,1.49430957
40.946256,1.2,1.54706446,1.49430957
40.954164,1.2,1.53478447,1.49430957
40.9627553,1.2,1.5490256,1.49430957
40.9744118,1.2,1.52015121,1.49430957
40.9847721,1.2,1.50681972,1.49430957
40.9939977,1.2,1.58098739,1.49430957
41.0049419,1.2,1.49035768,1.49430957
41.0145331,1.2,1.5077914,1.49430957
41.0267265,1.2,1.54527935,1.49430957
41.0356974,1.2,1.53288927,1.49430957
41.0468771,1.2,1.56195937,1.49430957
41.0531023,1.2,1.54252301,1.49430957
41.0633153,1.2,1.57378165,1.49430957
41.0778972,1.2,1.5485216,1.49430957
41.0870853,1.2,1.51712387,1.49430957
41.0994094,1.2,1.52829628,1.49430957
41.1084154,1.2,1.50568445,1.49430957
41.115291,1.2,1.53933839,1.49430957
41.1239874,1.2,1.55512674,1.49430957
41.1337228,1.2,1.5037026,1.49430957
41.144949,1.2,1.54466139,1.49430957
41.1523873,1.2,1.54740769,1.49430957
41.1628788,1.2,1.53327834,1.49430957
41.1718579,1.2,1.52117959,1.49430957
41.1868519,1.2,1.53248132,1.49430957
41.1926131,1.2,1.53496503,1.49430957
41.2040448,1.2,1.53502679,1.49430957
41.2129746,1.2,1.53283117,1.49430957
41.2216643,1.2,1.52815663,1.49430957
41.2340833,1.2,1.53720407,1.49430957
41.2438275,1.2,1.55703058,1.49430957
41.2560263,1.43361436,1.5485565,1.49430957
41.2646641,1.43361436,1.53230135,1.49430957
41.2749257,1.43361436,1.56392946,1.49430957
41.284122,1.43361436,1.5408133,1.49430957
41.2938313,1.43361436,1.54406678,1.49430957
41.3039569,1.6,1.62086065,1.49430957
41.3137332,1.6,1.63096155,1.49430957
41.3268109,1.6,1.60671842,1.49430957
41.3336775,1.6,1.68114559,1.49430957
41.3442384,1.6,1.67594346,1.49430957
41.3545767,1.6,1.75182692,1.49430957
41.3646889,1.6,1.77349446,1.49430957
41.3716466,1.6,1.81412948,1.49430957
41.3851959,1.6,1.86076569,1.49430957
41.39397,1.6,1.88511268,1.49430957
41.4074408,1.6,1.91222107,1.49430957
41.4132348,1.6,1.94627027,1.49430957
41.4251683,1.6,1.94747028,1.49430957
41.4341156,1.6,2.00747086,1.49430957
41.4437903,1.6,2.02897075,1.49430957
41.4539042,1.6,2.05983751,1.49430957
41.4633226,1.6,2.08297793,1.49430957
41.4748143,1.6,2.07665677,1.68342542
41.4848988,1.6,2.12332352,1.68342542
41.494127,1.6,2.06944203,1.68342542
41.5053288,1.6,2.11931461,1.68342542
41.5141565,1.6,2.13152633,1.68342542
41.5254375,1.6,2.12482891,1.81811817
41.5372026,1.6,2.13759516,1.81811817
41.5451976,1.6,2.15076908,1.81811817
41.5537154,1.6,2.12526664,1.81811817
41.5666356,1.6,2.16577742,1.81811817
41.5763599,1.6,2.13276346,1.81811817
41.5846885,1.6,2.14130124,1.81811817
41.5938827,1.6,2.14208056,1.81811817
41.6055513,1.6,2.15749149,1.81811817
41.6151306,1.6,2.1447415,1.81811817
41.6232103,1.6,2.13885852,1.81811817
41.6328362,1.6,2.14173555,1.81811817
41.6444933,1.6,2.14177905,1.81811817
41.6530094,1.6,2.14460833,1.81811817
41.6644777,1.6,2.12093673,1.81811817
41.6748613,1.6,2.14064732,1.81811817
41.6850164,1.6,2.12782505,1.81811817
41.6950164,1.6,2.1178927,1.81811817
41.7037529,1.6,2.12489846,1.81811817
41.7144138,1.6,2.12651709,1.81811817
41.7257528,1.6,2.11991722,1.81811817
41.7347998,1.6,2.12480287,1.81811817
41.743402,1.6,2.1283952,1.81811817
41.755153,1.6,2.1223342,1.81811817
41.7632915,1.6,2.11842414,1.81811817
41.7723576,1.6,2.11460391,1.81811817
41.7830451,1.6,2.11530962,1.81811817
41.7973373,1.6,2.107845,1.81811817
41.8047033,1.6,2.10848144,1.81811817
41.8143246,1.572164,2.10928604,1.81811817
41.8252574,1.6,2.11872264,1.81811817
41.8352139,1.6,2.10708168,1.81811817
41.8415245,1.6,2.10247518,1.81811817
41.8541702,1.6,2.10501239,1.81811817
41.8641871,1.6,2.0967938,1.81811817
41.8724425,1.6,2.10838912,1.81811817
41.8848766,1.6,2.10642451,1.81811817
41.8935266,1.6,2.10139667,1.81811817
41.9053092,1.6,2.08743343,1.81811817
41.9136888,1.6,2.09901095,1.81811817
41.9253631,1.6,2.1261405,1.81811817
41.9322314,1.56473621,2.09143245,1.81811817
41.9412704,1.56473621,2.10733985,1.81811817
41.9542111,1.56473621,2.10726862,1.81811817
41.9625285,1.56473621,2.09687117,1.81811817
41.9736731,1.51773885,2.07555877,1.81811817
41.984372,1.51773885,2.08413452,1.81811817
41.9940787,1.51773885,2.09714752,1.81811817
42.0056683,1.51773885,2.07539432,1.81811817
42.012961,1.51773885,2.07836895,1.81811817
42.0225922,1.51773885,2.09492174,1.81811817
42.0362764,1.47487215,2.05574825,1.79558433
42.0449971,1.47487215,2.06968298,1.81811817
42.0544664,1.51752444,2.07181103,1.81811817
42.0628109,1.51752444,2.04631398,1.81811817
42.0725072,1.51752444,2.03202683,1.81811817
42.0843635,1.58907297,2.04152654,1.81811817
42.0941651,1.58907297,2.01545579,1.81811817
42.1024788,1.58907297,2.02297444,1.81811817
42.1149599,1.58907297,2.00653482,1.81811817
42.1237145,1.6,2.02803947,1.81811817
42.1335918,1.6,2.00414299,1.81811817
42.1425762,1.6,2.00193992,1.81811817
42.15369,1.6,2.00920978,1.78957138
42.1641306,1.6,2.00997506,1.78957138
42.1724446,1.6,2.01278885,1.78957138
42.1854753,1.6,2.0256372,1.78957138
42.1917082,1.6,2.01981191,1.751526
42.2038734,1.6,2.03884552,1.751526
42.215336,1.6,2.05061734,1.751526
42.2242969,1.6,2.07112217,1.751526
42.2329388,1.6,2.07228245,1.751526
42.2434899,1.6,2.08492791,1.751526
42.2525555,1.6,2.09275673,1.71682449
42.2637764,1.6,2.08682517,1.71682449
42.2753186,1.42410365,2.12656939,1.75135244
42.2845111,1.42410365,2.11480449,1.75135244
42.293744,1.42410365,2.09419857,1.75135244
42.3043419,1.5696624,2.12290772,1.80927251
42.3142699,1.5696624,2.10719579,1.80927251
42.3224875,1.5696624,2.08234069,1.80927251
42.3386841,1.6,2.07261885,1.80927251
42.3457138,1.6,2.01784134,1.81811817
42.3542586,1.6,2.10487658,1.81811817
42.3677507,1.6,2.07114676,1.81811817
42.3742512,1.6,2.07688687,1.81811817
42.3863654,1.6,2.04435098,1.81811817
42.3946492,1.6,2.06783941,1.81811817
42.4053761,1.6,2.07841111,1.81811817
42.4122121,1.6,2.06610411,1.81811817
42.4226371,1.6,2.05921212,1.81811817
42.4341156,1.6,2.07035615,1.81811817
42.4433096,1.6,2.07329225,1.81811817
42.4528956,1.6,2.05025039,1.81811817
42.4637423,1.6,2.0740965,1.81811817
42.4730177,1.6,2.0873477,1.81811817
42.4846472,1.6,2.09626773,1.81811817
42.4935975,1.6,2.08787928,1.67572629
42.505857,1.6,2.09145152,1.67572629
42.5181214,1.6,2.09311453,1.67572629
42.5237022,1.6,2.09852159,1.79355924
42.5347409,1.6,2.11630944,1.79355924
42.5434708,1.6,2.09583463,1.79355924
42.5530284,1.6,2.10529827,1.81811817
42.5638771,1.6,2.13022603,1.81811817
42.5764744,1.6,2.11355151,1.81811817
42.5853409,1.6,2.10831405,1.81811817
42.5929742,1.6,2.09742553,1.81811817
42.6029691,1.6,2.13130783,1.81811817
42.6156084,1.6,2.11666157,1.81811817
42.6241852,1.6,2.11863978,1.81811817
42.6346789,1.6,2.12064184,1.81811817
42.6444396,1.6,2.12538744,1.81811817
42.6530522,1.6,2.11786433,1.81811817
42.6625699,1.6,2.1305281,1.81811817
42.673827,1.6,2.11233953,1.81811817
42.6827243,1.6,2.11695644,1.81811817
42.6936018,1.6,2.08462366,1.81811817
42.7045595,1.6,2.12273779,1.81811817
42.7146216,1.6,2.10643903,1.81811817
42.7247921,1.6,2.11467774,1.81811817
42.7336529,1.6,2.11879816,1.81811817
42.7447798,1.6,2.13297512,1.81811817
42.754039,1.6,2.07806243,1.81811817
42.7640131,1.6,2.12197938,1.81811817
42.7740906,1.6,2.12427771,1.81811817
42.7845632,1.6,2.11045281,1.81811817
42.7927112,1.6,2.11128688,1.81811817
42.8055143,1.6,2.12080481,1.81811817
42.8159747,1.6,2.10157926,1.81811817
42.8245086,1.6,2.10975237,1.81811817
42.8341583,1.6,2.07710631,1.81811817
42.8436767,1.6,2.10980696,1.81811817
42.8581587,1.6,2.10078263,1.81811817
42.8668942,1.6,2.10900204,1.81811817
42.8742066,1.6,2.10282756,1.81811817
42.8836722,1.6,2.11172008,1.81811817
42.9104087,1.6,2.10535908,1.81811817
42.9213941,1.6,2.10408161,1.81811817
42.9214109,1.6,2.10576042,1.81811817
42.9264666,1.6,2.09579544,1.81811817
42.9361507,1.6,2.10160916,1.81811817
42.9459383,1.6,2.07641325,1.81811817
42.9558743,1.6,2.10616715,1.81811817
42.9638377,1.6,2.11264825,1.81811817
42.9763768,1.6,2.09567095,1.81811817
42.9858643,1.6,2.10147407,1.81811817
42.9948415,1.6,2.11541902,1.81811817
43.0083854,1.6,2.09769096,1.81811817
43.0152401,1.6,2.11704131,1.81811817
43.0229222,1.6,2.11373149,1.81811817
43.0346707,1.6,2.10194269,1.81811817
45.0456669,1.2,1.5129801,1.49430957
45.0583246,1.2,1.52073385,1.49430957
45.0671493,1.2,1.51960306,1.49430957
45.0784014,1.2,1.52087978,1.49430957
45.0819485,1.2,1.52302238,1.49430957
45.0936449,1.2,1.53230115,1.49430957
45.1039563,1.2,1.54241294,1.49430957
45.114097,1.2,1.53475923,1.49430957
45.1222482,1.2,1.54010002,1.49430957
45.1355534,1.2,1.52816331,1.49430957
45.1430372,1.2,1.5298062,1.49430957
45.1525189,1.2,1.5502071,1.49430957
45.1664432,1.2,1.52931896,1.49430957
45.1742443,1.2,1.5632631,1.49430957
45.1884589,1.2,1.54105219,1.49430957
45.1968082,1.2,1.52616378,1.49430957
45.2050815,1.2,1.50783532,1.49430957
45.2147918,1.2,1.51321514,1.49430957
45.222918,1.2,1.51383086,1.49430957
45.2344717,1.2,1.53792347,1.49430957
45.2447259,1.2,1.5071857,1.49430957
45.2534006,1.2,1.49811135,1.49430957
45.2645218,1.2,1.54142614,1.49430957
45.2735046,1.2,1.50681029,1.49430957
45.2822702,1.2,1.56115127,1.49430957
45.2935731,1.2,1.51268043,1.49430957
45.3045333,1.2,1.53093339,1.49430957
45.3144379,1.2,1.53915051,1.49430957
45.3240628,1.2,1.53782831,1.49430957
45.3334598,1.8,1.54719466,1.49430957
45.3448074,1.8,1.54895443,1.49430957
45.3545868,1.8,1.54962287,1.49430957
45.3645473,1.8,1.53101579,1.49430957
45.3777309,1.8,1.60858112,1.49430957
45.3829547,1.8,1.61694756,1.49430957
45.3942475,1.8,1.64782528,1.49430957
45.4057874,1.8,1.6599349,1.49430957
45.4164727,1.8,1.70554937,1.49430957
45.4275659,1.8,1.75335879,1.49430957
45.433201,1.8,1.81159604,1.49430957
45.4452585,1.8,1.84140568,1.49430957
45.4514578,1.8,1.86890638,1.49430957
45.4645278,1.8,1.90479015,1.49430957
45.4765297,1.8,1.94527535,1.49430957
45.4853645,1.8,1.97722781,1.49430957
45.4941704,1.8,2.02381331,1.49430957
45.5039363,1.8,2.05479724,1.49430957
45.5126401,1.8,2.08548611,1.49430957
45.5247709,1.8,2.10496609,1.49430957
45.5343541,1.8,2.13570041,1.49430957
45.545113,1.43080055,2.17445409,1.49430957
45.5552106,1.43080055,2.20146623,1.98002248
45.5649975,1.43080055,2.23234048,1.98002248
45.5737754,1.43080055,2.26211128,1.98002248
45.5837994,1.43080055,2.26169494,1.98002248
45.5947469,1.2161886,2.23708357,1.98002248
45.6046639,1.2,2.20363102,1.98002248
45.6147274,1.2,2.22680367,1.98002248
45.6263818,1.2,2.15763466,1.98002248
45.6378265,1.2,2.12012724,1.98002248
45.6465933,1.2,2.04694314,1.98002248
45.6547668,1.2,1.98589111,1.98002248
45.6638887,1.2,1.96051991,1.98002248
45.6744906,1.2,1.89288576,1.98002248
45.6850632,1.2,1.8469051,1.98002248
45.6940015,1.2,1.83059216,1.98002248
45.7024786,1.2,1.77853261,1.98002248
45.7146371,1.2,1.72701423,1.98002248
45.7246673,1.2,1.70458364,1.98002248
45.7322605,1.2,1.68388449,1.98002248
45.743302,1.2,1.63708363,1.98002248
45.7527722,1.2,1.61359204,1.98002248
45.7665152,1.2,1.61962528,1.68114758
45.7740037,1.2,1.57534874,1.68114758
45.783384,1.2,1.55875036,1.68114758
45.7934645,1.2,1.49690295,1.68114758
45.80402,1.2,1.57902308,1.68114758
45.8156751,1.2,1.49100714,1.50741459
45.8243046,1.2,1.49320203,1.49430957
45.8336398,1.2,1.46175204,1.49430957
45.8472858,1.2,1.46112014,1.49430957
45.8530165,1.2,1.4634787,1.49430957
45.8626302,1.2,1.45157454,1.49430957
45.8719418,1.2,1.43236455,1.49430957
45.8818599,1.2,1.45728594,1.49430957
45.8920705,1.2,1.39639087,1.49430957
45.9020084,1.2,1.44488356,1.49430957
45.9162088,1.2,1.40979735,1.49430957
45.9248757,1.2,1.45775051,1.49430957
45.9339745,1.2,1.41783768,1.49430957
45.9458811,1.8,1.40885338,1.49430957
45.9515713,1.8,1.40332405,1.49430957
45.9642907,1.8,1.45368352,1.49430957
45.9720459,1.8,1.47551149,1.49430957
45.9827309,1.8,1.54303975,1.49430957
45.9935752,1.7184235,1.59973394,1.49430957
46.0066812,1.7184235,1.63179251,1.49430957
46.015864,1.7184235,1.65173092,1.49430957
46.0240703,1.7184235,1.71297912,1.49430957
46.0343155,1.7184235,1.75110049,1.49430957
46.0433638,1.2,1.79476967,1.49430957
46.0524875,1.2,1.8263094,1.49430957
46.0651196,1.2,1.85783121,1.49430957
46.0759912,1.2,1.85394598,1.49430957
46.0835944,1.2,1.85315867,1.49430957
46.0939588,1.2,1.83949449,1.49430957
46.1030888,1.2,1.82630495,1.49430957
46.1180101,1.2,1.79758035,1.49430957
46.1269832,1.2,1.75968704,1.49430957
46.1330489,1.2,1.7318592,1.49430957
46.143949,1.2,1.69458239,1.49430957
46.155068,1.2,1.65497784,1.49430957
46.1645616,1.2,1.61635691,1.98002248
46.1724359,1.2,1.59394654,1.98002248
46.1860798,1.2,1.55371895,1.98002248
46.1934565,1.2,1.56366742,1.98002248
46.2042156,1.2,1.53408791,1.98002248
46.2122076,1.2,1.50169131,1.91398455
46.2236118,1.2,1.51590888,1.91398455
46.2350491,1.2,1.49686022,1.91398455
46.2443634,1.2,1.48170092,1.91398455
46.2544791,1.2,1.48303936,1.91398455
46.2663483,1.2,1.46536476,1.49430957
46.2716168,1.2,1.44390604,1.49430957
46.281837,1.2,1.45856998,1.49430957
46.2946494,1.2,1.45319073,1.49430957
46.3047387,1.2,1.45938767,1.49430957
46.3156737,1.2,1.42721102,1.49430957
46.3272154,1.2,1.41271438,1.49430957
46.3345438,1.2,1.41710551,1.49430957
46.3431885,1.2,1.40601366,1.49430957
46.3551036,1.2,1.44574214,1.49430957
46.3640383,1.2,1.44844255,1.49430957
46.376051,1.2,1.4436834,1.49430957
46.3848832,1.2,1.46837943,1.49430957
46.3941046,1.2,1.48430718,1.49430957
46.4068241,1.2,1.48168723,1.49430957
46.4163869,1.2,1.5114474,1.49430957
46.4229762,1.2,1.45777207,1.49430957
46.4374407,1.2,1.52889946,1.49430957
46.4465038,1.2,1.52175446,1.49430957
46.4538924,1.2,1.53075166,1.49430957
46.4645538,1.2,1.53241252,1.49430957
46.4740872,1.2,1.53818484,1.49430957
46.4822128,1.75903182,1.55302149,1.49430957
46.4981167,1.75903182,1.55097086,1.49430957
46.5025738,1.75903182,1.58460139,1.49430957
46.5146691,1.75903182,1.58353237,1.49430957
46.5262695,1.8,1.66662147,1.49430957
46.5360303,1.8,1.69855288,1.49430957
46.5424694,1.2,1.74011896,1.49430957
46.5539597,1.2,1.79926527,1.49430957
46.5627387,1.2,1.81214026,1.49430957
46.5753179,1.2,1.83136527,1.49430957
46.5837132,1.2,1.80601578,1.49430957
46.5952613,1.2,1.74418332,1.49430957
46.6050983,1.2,1.73489602,1.49430957
46.6138496,1.2,1.70667422,1.49430957
46.6232529,1.2,1.67867022,1.49430957
46.6378637,1.2,1.64136276,1.49430957
46.6478319,1.2,1.62197338,1.49430957
46.653973,1.2,1.6108712,1.49430957
46.6649775,1.2,1.55582341,1.49430957
46.6727183,1.2,1.55985021,1.49430957
46.684624,1.2,1.54970416,1.49430957
46.6947298,1.2,1.53929423,1.49430957
46.7026009,1.2,1.51970987,1.94685785
46.7145809,1.2,1.52524671,1.94685785
46.7234228,1.2,1.51274013,1.94685785
46.7333338,1.2,1.55509069,1.94685785
46.7442569,1.2,1.48959829,1.94685785
46.7564714,1.2,1.48040066,1.49430957
46.7655743,1.2,1.46749064,1.49430957
46.772911,1.2,1.45746406,1.49430957
46.7823737,1.2,1.4540718,1.49430957
46.7950345,1.2,1.43326372,1.49430957
46.8048826,1.2,1.41121694,1.49430957
46.8162459,1.2,1.4320894,1.49430957
46.8230943,1.2,1.42975235,1.49430957
46.8369069,1.2,1.41356348,1.49430957
46.8500657,1.2,1.4218226,1.49430957
46.8556559,1.2,1.43141651,1.49430957
46.8658384,1.2,1.46679916,1.49430957
46.8724764,1.2,1.45540481,1.49430957
46.8896847,1.2,1.46903036,1.49430957
46.8937246,1.2,1.48407437,1.49430957
46.9052117,1.2,1.46179091,1.49430957
46.9134847,1.2,1.49922007,1.49430957
46.9252697,1.2,1.51646687,1.49430957
46.9350556,1.2,1.53359111,1.49430957
46.9457568,1.2,1.54184773,1.49430957
46.9549806,1.2,1.54274166,1.49430957
46.9636196,1.2,1.54788886,1.49430957
46.9731482,1.2,1.55044821,1.49430957
46.9844241,1.2,1.56766359,1.49430957
46.9952246,1.2,1.54483982,1.49430957
47.0069969,1.2,1.53249528,1.49430957
47.0132022,1.2,1.55895014,1.49430957
47.023518,1.2,1.56378182,1.49430957
47.0362537,1.2,1.55716837,1.49430957
47.0460513,1.2,1.5726894,1.49430957
47.0543222,1.2,1.5395253,1.49430957
47.0642067,1.2,1.55890909,1.49430957
47.077969,1.2,1.55723875,1.49430957
47.0833862,1.2,1.55735478,1.49430957
47.1001945,1.2,1.5598745,1.49430957
47.1064106,1.2,1.56077752,1.49430957
47.1138145,1.2,1.55754983,1.49430957
47.1251072,1.2,1.55886326,1.49430957
47.1330466,1.2,1.52231497,1.49430957
47.1495141,1.2,1.56685865,1.49430957
47.1552216,1.2,1.51786722,1.49430957
47.1633025,1.2,1.54421503,1.49430957
47.1723793,1.2,1.54667757,1.49430957
47.1847264,1.2,1.53635929,1.49430957
47.1927586,1.2,1.55843913,1.49430957
47.2029464,1.2,1.54060816,1.49430957
47.2133941,1.2,1.54727646,1.49430957
47.2229245,1.2,1.54560424,1.49430957
47.233341,1.2,1.56088562,1.49430957
47.2448041,1.2,1.5350773,1.49430957
47.2542122,1.2,1.53211195,1.49430957
47.2677129,1.2,1.55150672,1.49430957
47.275564,1.2,1.53927446,1.49430957
47.2862419,1.2,1.54299855,1.49430957
47.2957862,1.2,1.54585439,1.49430957
47.3044249,1.2,1.54892516,1.49430957
47.3154266,1.2,1.55160215,1.49430957
47.3270655,1.2,1.52008948,1.49430957
47.3335665,1.2,1.54371266,1.49430957
47.3436344,1.2,1.54357135,1.49430957
47.3538171,1.2,1.53490496,1.49430957
47.3663992,1.2,1.53712865,1.49430957
47.3751355,1.2,1.53968126,1.49430957
47.3850923,1.2,1.54137481,1.49430957
47.3930778,1.2,1.54925952,1.49430957
47.4044847,1.2,1.54421386,1.49430957
47.4123466,1.2,1.53785483,1.49430957
47.4252146,1.2,1.54273015,1.49430957
47.4359963,1.2,1.53072376,1.49430957
47.4439426,1.2,1.5278087,1.49430957
47.4516286,1.2,1.55869197,1.49430957
47.4649237,1.2,1.51128095,1.49430957
47.4751223,1.2,1.53427663,1.49430957
47.4835807,1.2,1.53052748,1.49430957
47.4932134,1.2,1.53635231,1.49430957
47.503177,1.2,1.52507941,1.49430957
47.5141863,1.2,1.52887566,1.49430957
47.5231441,1.2,1.52811696,1.49430957
47.5333885,1.2,1.52927888,1.49430957
47.5429603,1.2,1.55778233,1.49430957
47.5531262,1.2,1.50425964,1.49430957
47.5638257,1.2,1.55586454,1.49430957
47.5743655,1.2,1.52243714,1.49430957
47.5834457,1.2,1.53172531,1.49430957
47.595126,1.2,1.52691076,1.49430957
47.6024042,1.2,1.5259557,1.49430957
47.6148669,1.2,1.48840195,1.49430957
47.6239463,1.2,1.55176575,1.49430957
47.6347957,1.2,1.54313156,1.49430957
47.6434828,1.2,1.53000651,1.49430957
47.6536481,1.2,1.55551184,1.49430957
47.6638501,1.2,1.54723437,1.49430957
47.6757519,1.2,1.54577736,1.49430957
47.6824901,1.2,1.530586,1.49430957
47.6945453,1.2,1.53568191,1.49430957
47.7049485,1.2,1.55192765,1.49430957
47.713882,1.2,1.5221917,1.49430957
47.7237184,1.2,1.57222134,1.49430957
47.7375903,1.2,1.51897893,1.49430957
47.7446464,1.2,1.54349158,1.49430957
47.7538183,1.2,1.55060214,1.49430957
47.7636647,1.2,1.52299057,1.49430957
47.7758073,1.2,1.56473234,1.49430957
47.7818326,1.2,1.50147549,1.49430957
47.7939393,1.2,1.56763249,1.49430957
47.8029096,1.2,1.53713761,1.49430957
47.8140268,1.2,1.53236166,1.49430957
47.8234299,1.2,1.53449351,1.49430957
47.8329882,1.2,1.54317381,1.49430957
47.8459221,1.2,1.52711317,1.49430957
47.8530382,1.2,1.52903569,1.49430957
47.8666444,1.2,1.5257146,1.49430957
47.8744469,1.2,1.55221727,1.49430957
47.88466,1.2,1.53405272,1.49430957
47.8946001,1.2,1.52457026,1.49430957
47.9037931,1.2,1.53032649,1.49430957
47.9142516,1.2,1.53572472,1.49430957
47.9242392,1.2,1.54619238,1.49430957
47.9312046,1.2,1.53127538,1.49430957
47.9430936,1.2,1.52723557,1.49430957
47.9534846,1.2,1.51058298,1.49430957
47.9625654,1.2,1.51724607,1.49430957
47.9731736,1.2,1.53076561,1.49430957
47.9826243,1.2,1.52371886,1.49430957
47.993657,1.2,1.54536565,1.49430957
48.003475,1.2,1.52868011,1.49430957
48.0151237,1.2,1.51988929,1.49430957
48.0253817,1.2,1.52053294,1.49430957
48.0340429,1.2,1.54976366,1.49430957
48.0458291,1.59350095,1.55295231,1.49430957
48.0524311,1.59350095,1.53499416,1.49430957
48.0625852,1.59350095,1.53999588,1.49430957
48.0724763,1.59350095,1.56701797,1.49430957
48.0827474,1.59350095,1.58224642,1.49430957
48.0936969,1.59350095,1.61719578,1.49430957
48.1046467,1.8,1.66717643,1.49430957
48.1126317,1.8,1.67714554,1.49430957
48.1230361,1.8,1.70433513,1.49430957
48.1352026,1.8,1.77874021,1.49430957
48.1454854,1.8,1.82126621,1.49430957
48.1550946,1.8,1.87018184,1.49430957
48.1625874,1.8,1.88820389,1.49430957
48.1752961,1.8,1.94427561,1.49430957
48.1837813,1.8,1.96030311,1.49430957
48.194209,1.8,2.01999324,1.49430957
48.202762,1.8,2.07050826,1.49430957
48.212746,1.8,2.09511184,1.49430957
48.2220342,1.8,2.12015806,1.49430957
48.231934,1.8,2.16366552,1.49430957
48.2442773,1.8,2.21479983,1.49430957
48.2526811,1.8,2.24320851,1.49430957
48.2657363,1.8,2.27828249,1.81285705
48.274566,1.8,2.28006858,1.81285705
48.2852483,1.8,2.31876071,1.81285705
48.2943541,1.8,2.34860232,1.81285705
48.3022542,1.8,2.34069371,1.81285705
48.3157747,1.8,2.38329384,1.81285705
48.3231788,1.74625874,2.39160759,1.98002248
48.3387049,1.74625874,2.3903886,1.98002248
48.3446944,1.74625874,2.41242856,1.98002248
48.3536127,1.74625874,2.40541339,1.98002248
48.3657171,1.47540146,2.39678648,1.98002248
48.3739077,1.47540146,2.41787681,1.98002248
48.3847956,1.47540146,2.41773252,1.98002248
48.3951582,1.29852025,2.39236253,1.98002248
48.4029382,1.29852025,2.37332134,1.98002248
48.4159195,1.29852025,2.37434,1.98002248
48.4241265,1.29852025,2.3110972,1.98002248
48.4314217,1.29852025,2.2966701,1.98002248
48.4419491,1.2,2.22590026,1.98002248
48.4530451,1.2,2.18369971,1.98002248
48.4622675,1.2,2.15399654,1.98002248
48.4745067,1.2,2.09996524,1.98002248
48.4827648,1.2,2.02935813,1.98002248
48.4929568,1.2,2.00991884,1.98002248
48.5043243,1.2,1.93299825,1.98002248
48.5151488,1.2,1.91021582,1.98002248
48.5231735,1.2,1.85555535,1.98002248
48.5317963,1.2,1.84961339,1.98002248
48.5427392,1.2,1.76446135,1.93651777
48.5521716,1.2,1.75205618,1.93651777
48.563424,1.2,1.71543719,1.93651777
48.5721027,1.2,1.68307011,1.93651777
48.5838971,1.2,1.64460897,1.71725297
48.5934744,1.2,1.61684935,1.71725297
48.6029152,1.2,1.58694919,1.71725297
48.6137144,1.2,1.56288804,1.57406383
48.6235544,1.2,1.5359314,1.57406383
48.6323816,1.2,1.52934719,1.57406383
48.6469374,1.2,1.51864781,1.57406383
48.6528835,1.2,1.50578613,1.57406383
48.6647291,1.2,1.50283915,1.49430957
48.6738778,1.2,1.51236508,1.49430957
48.6831812,1.2,1.47520386,1.49430957
48.6933971,1.2,1.47903971,1.49430957
48.7036264,1.2,1.47012493,1.49430957
48.71239,1.2,1.465328,1.49430957
48.7240307,1.2,1.45620589,1.49430957
48.7330617,1.2,1.47782546,1.49430957
48.7461814,1.2,1.43343327,1.49430957
48.7547721,1.2,1.45938997,1.49430957
48.7646501,1.2,1.41064314,1.49430957
48.7743181,1.2,1.4200094,1.49430957
48.783489,1.2,1.45096329,1.49430957
48.7955725,1.2,1.43657613,1.49430957
48.8028877,1.2,1.45057054,1.49430957
48.8124787,1.2,1.45659265,1.49430957
48.8219661,1.2,1.45921951,1.49430957
48.8311593,1.2,1.48182841,1.49430957
48.8457224,1.2,1.49942419,1.49430957
48.8522923,1.2,1.50087329,1.49430957
48.8629678,1.2,1.52458693,1.49430957
48.871193,1.2,1.50538138,1.49430957
48.8825307,1.2,1.53431931,1.49430957
48.8946211,1.24397603,1.56645328,1.49430957
48.9039647,1.24397603,1.54763831,1.49430957
48.9151581,1.24397603,1.5544184,1.49430957
48.9239771,1.24397603,1.56087137,1.49430957
48.9348714,1.24397603,1.56481776,1.49430957
48.9445919,1.32389014,1.58392463,1.49430957
48.9529047,1.32389014,1.60191152,1.49430957
48.962283,1.32389014,1.62354845,1.49430957
48.9738717,1.32389014,1.60182615,1.49430957
48.9828177,1.40798112,1.66081746,1.49430957
48.9931241,1.42931614,1.68495286,1.49430957
49.003097,1.42931614,1.68508009,1.49430957
49.0169073,1.42931614,1.73728752,1.49430957
49.0235537,1.42931614,1.74171855,1.49430957
49.0327314,1.52138835,1.78185929,1.49430957
49.0456748,1.52138835,1.78495103,1.49430957
49.0525459,1.52138835,1.84624383,1.49430957
49.067047,1.52138835,1.85960431,1.49430957
49.0722147,1.52138835,1.89726085,1.49430957
49.0826825,1.61438041,1.91915748,1.49430957
49.1030259,1.61438041,1.95204229,1.49430957
49.1074203,1.61438041,1.96147471,1.49430957
49.1123212,1.61438041,1.97945423,1.52990911
49.1235266,1.73739496,2.01403818,1.52990911
49.1330743,1.73739496,2.04623207,1.52990911
49.143035,1.73739496,2.07134589,1.52990911
49.1529039,1.73739496,2.10226998,1.52990911
49.1644897,1.73739496,2.14591974,1.5946013
49.1753033,1.2,2.18635455,1.5946013
49.1832274,1.2,2.18624895,1.5946013
49.1963896,1.2,2.23634512,1.66267476
49.2029439,1.2,2.24942471,1.66267476
49.2142481,1.29198912,2.24626553,1.67994591
49.2291928,1.29198912,2.25112267,1.67994591
49.2359885,1.29198912,2.16119842,1.67994591
49.2435541,1.29198912,2.12827051,1.67994591
49.2523414,1.29198912,2.05253713,1.75448036
49.2647746,1.44102899,2.02793429,1.75448036
49.2732041,1.44102899,1.98802657,1.75448036
49.2843797,1.44102899,1.95950708,1.75448036
49.2921343,1.44102899,1.91329662,1.75448036
49.3064067,1.64667073,1.90094251,1.82975943
49.3119956,1.64667073,1.89638345,1.82975943
49.3240306,1.64667073,1.88302963,1.82975943
49.3367105,1.8,1.91223012,1.92934235
49.3485639,1.8,1.85967709,1.92934235
49.3538164,1.8,1.88706063,1.92934235
49.366443,1.8,1.89597313,1.92934235
49.3738699,1.8,1.9067819,1.92934235
49.3847802,1.8,1.96102649,1.98002248
49.3963109,1.8,2.01755827,1.49430957
49.4042039,1.8,2.04272177,1.49430957
49.413152,1.8,2.09242928,1.49430957
49.4231244,1.8,2.12334477,1.49430957
49.432283,1.8,2.14078064,1.56877674
49.4459817,1.8,2.20149584,1.56877674
49.4520007,1.8,2.18014131,1.56877674
49.4639446,1.8,2.23444019,1.56877674
49.4750922,1.8,2.26675588,1.56877674
49.4832355,1.8,2.28730088,1.68942772
49.4938477,1.8,2.33378034,1.68942772
49.5036414,1.8,2.32915669,1.68942772
49.5134639,1.8,2.34482283,1.68942772
49.5237657,1.8,2.36761803,1.85589913
49.5332155,1.8,2.35413103,1.85589913
49.5434884,1.8,2.40166962,1.85589913
49.5540164,1.8,2.3971124,1.85589913
49.5646132,1.8,2.36601762,1.98002248
49.5747077,1.8,2.37770439,1.98002248
49.5855807,1.8,2.45491045,1.98002248
49.5954553,1.8,2.33354287,1.98002248
49.6056746,1.8,2.43121042,1.98002248
49.6155972,1.8,2.36329516,1.98002248
49.6252314,1.8,2.41733546,1.98002248
49.6330622,1.8,2.39734849,1.98002248
49.6462269,1.8,2.39241928,1.98002248
49.6538061,1.8,2.41534469,1.98002248
49.6636042,1.8,2.40429856,1.98002248
49.6760223,1.78743388,2.3955456,1.98002248
49.6833543,1.78743388,2.40172944,1.98002248
49.6970942,1.78743388,2.40276191,1.98002248
49.7044357,1.66374019,2.40252861,1.98002248
49.7123354,1.66374019,2.35428106,1.98002248
49.7235857,1.66374019,2.38403504,1.98002248
49.7329063,1.66374019,2.38911371,1.98002248
49.7436994,1.67911326,2.36607704,1.98002248
49.7520714,1.67911326,2.37115678,1.98002248
49.7653177,1.67911326,2.33840381,1.98002248
49.7736225,1.67911326,2.35422929,1.98002248
49.7828259,1.67911326,2.31256031,1.98002248
49.7927205,1.7830208,2.33349091,1.98002248
49.8035379,1.7830208,2.33118482,1.98002248
49.8166605,1.7830208,2.34262985,1.98002248
49.8257766,1.7830208,2.31247571,1.98002248
49.8321119,1.8,2.30662998,1.98002248
49.8469909,1.8,2.30724397,1.98002248
49.8534778,1.8,2.26393364,1.98002248
49.8642996,1.8,2.28494835,1.98002248
49.8744448,1.8,2.28149303,1.98002248
49.8840994,1.8,2.29235763,1.98002248
49.8932565,1.8,2.2808542,1.96984994
49.9040102,1.8,2.28466598,1.96984994
49.9125768,1.8,2.26765782,1.96984994
49.9296201,1.8,2.25909287,1.86971723
49.936293,1.8,2.2760105,1.86971723
49.9452704,1.8,2.27957937,1.86971723
49.9543879,1.8,2.29419776,1.86971723
49.9646665,1.8,2.29275956,1.88216206
49.9762704,1.8,2.29905779,1.88216206
49.9839318,1.8,2.3373342,1.88216206
49.9930302,1.8,2.35041098,1.88216206
50.0038818,1.8,2.32072493,1.96627745
50.0207175,1.8,2.35345664,1.96627745
50.0264291,1.8,2.35900205,1.96627745
50.0358932,1.8,2.36669453,1.96627745
50.0440773,1.8,2.37618131,1.96627745
50.0544043,1.8,2.37307543,1.98002248
50.0622923,1.8,2.38794576,1.98002248
50.0739002,1.8,2.38625006,1.98002248
50.0826608,1.8,2.37830584,1.98002248
50.0949461,1.8,2.3831132,1.98002248
50.1031241,1.8,2.39330491,1.98002248
50.1138101,1.4789026,2.39148736,1.98002248
50.1254155,1.2,2.39328059,1.98002248
50.1330647,1.2,2.39398919,1.98002248
50.1438825,1.2,2.39533228,1.98002248
50.1554529,1.2,2.37024686,1.98002248
50.163842,1.2,2.36924386,1.98002248
50.1747351,1.2,2.30215212,1.98002248
50.1818278,1.2,2.2471397,1.98002248
50.1937991,1.2,2.19610135,1.98002248
50.2041039,1.2,2.14786235,1.98002248
50.2256564,1.2,2.0959067,1.98002248
50.2365994,1.2,2.02975888,1.98002248
51.9268525,1.2,1.50929481,1.49430957
51.9338569,1.2,1.50602682,1.49430957
51.9425665,1.2,1.53601419,1.49430957
51.9521235,1.2,1.52065038,1.49430957
51.9657152,1.2,1.55530799,1.49430957
51.9730754,1.2,1.53317116,1.49430957
51.9842421,1.2,1.53290956,1.49430957
51.9956322,1.2,1.52171239,1.49430957
52.0032742,1.2,1.515427,1.49430957
52.0134054,1.2,1.56508965,1.49430957
52.0242851,1.2,1.51341362,1.49430957
52.0320284,1.2,1.51130647,1.49430957
52.0434641,1.2,1.50709524,1.49430957
52.0546255,1.2,1.5058534,1.49430957
52.0644106,1.2,1.5370198,1.49430957
52.0762851,1.2,1.54462054,1.49430957
52.0842665,1.2,1.54326653,1.49430957
52.0947775,2,1.53241553,1.49430957
52.1037159,2,1.47743842,1.49430957
52.1141272,2,1.55295303,1.49430957
52.123008,2,1.55951976,1.49430957
52.1354158,2,1.57878244,1.49430957
52.1423132,2,1.64997966,1.49430957
52.1546255,2,1.70126538,1.49430957
52.1650981,2,1.72998883,1.49430957
52.1745516,2,1.7801288,1.49430957
52.184369,2,1.83882315,1.49430957
52.1933892,2,1.8671721,1.49430957
52.2051516,2,1.9261694,1.49430957
52.2115306,2,1.9323999,1.49430957
52.2239699,2,1.95026114,1.49430957
52.2328577,2,1.96715052,1.49430957
52.2437702,2,2.02724503,1.49430957
52.2526896,2,2.10466512,1.49430957
52.2641419,2,2.15189186,1.49430957
52.2742426,2,2.11367178,1.49430957
52.284759,2,2.17744869,1.49430957
52.2930239,2,2.21308717,1.49430957
52.3040193,2,2.23757333,1.49430957
52.3139005,2,2.28754647,2.14192678
52.325836,2,2.3221338,2.14192678
52.3347412,2,2.3640003,2.14192678
52.3448597,2,2.38154066,2.14192678
52.3543754,2,2.43383503,2.14192678
52.3630015,1.6586938,2.43327198,2.14192678
52.3733534,1.2,2.46853977,2.14192678
52.3832258,1.2,2.45788383,2.14192678
52.3952957,1.2,2.50785008,2.14192678
52.40332,1.2,2.4542514,2.14192678
52.4143148,1.2,2.42494979,2.14192678
52.4253939,1.2,2.36646418,2.14192678
52.4326782,1.2,2.2828399,2.14192678
52.4429543,1.2,2.26782971,2.14192678
52.4543994,1.2,2.20467095,2.14192678
52.4647162,1.2,2.15441845,2.14192678
52.4752147,1.2,2.1123868,2.14192678
52.4822419,1.2,2.06337725,2.14192678
52.4949986,1.2,2.01780315,2.14192678
52.5068393,1.2,1.95463044,2.14192678
52.5134381,1.2,1.92414055,2.14192678
52.525446,1.2,1.86745849,2.14192678
52.5334522,1.2,1.86962588,2.14192678
52.5470577,1.2,1.8113693,2.14192678
52.5546744,1.2,1.74661597,2.14192678
52.5654349,1.2,1.733164,2.14192678
52.5723915,1.2,1.69293406,2.14192678
52.5830935,1.2,1.65409617,1.86563207
52.5977607,1.2,1.62781025,1.49430957
52.6074488,1.2,1.59114434,1.49430957
52.6137035,1.2,1.57275418,1.49430957
52.6238308,1.2,1.54519639,1.49430957
52.6338454,1.2,1.5387051,1.49430957
52.6474263,1.2,1.52441283,1.49430957
52.6557644,1.2,1.51329602,1.49430957
52.6622508,1.2,1.49081609,1.49430957
52.6731863,2,1.50014919,1.49430957
52.6834491,2,1.47857011,1.49430957
52.6930951,2,1.46154764,1.49430957
52.7046961,2,1.46507804,1.49430957
52.7136587,2,1.52052814,1.49430957
52.7247648,2,1.55432053,1.49430957
52.7340461,2,1.61186429,1.49430957
52.7471279,2,1.65875655,1.49430957
52.7557295,1.26451811,1.74658744,1.49430957
52.7672004,1.26451811,1.75056229,1.49430957
52.7762029,1.26451811,1.78996497,1.49430957
52.7843831,1.26451811,1.81813733,1.49430957
52.7951544,1.26451811,1.81840896,1.49430957
52.8039349,1.26451811,1.82866243,1.49430957
52.8133006,1.2,1.83984534,1.49430957
52.8252544,1.2,1.80509118,1.49430957
52.8348717,1.2,1.7769743,1.49430957
52.8436365,1.2,1.73656271,1.49430957
52.854577,1.2,1.69461859,1.49430957
52.8656434,1.2,1.6643142,1.49430957
52.8763873,1.2,1.62472993,1.49430957
52.8848965,1.2,1.59697231,1.49430957
52.8934551,1.2,1.56544715,2.14192678
52.9039764,1.2,1.55061943,2.14192678
52.912998,1.2,1.5265561,2.14192678
52.9267218,1.2,1.51859054,2.14192678
52.9328822,1.2,1.50903139,2.14192678
52.9471841,1.2,1.49379725,2.14192678
52.957518,1.2,1.48731938,2.14192678
52.9652005,1.2,1.47997631,2.14192678
52.9740972,1.2,1.46041123,2.14192678
52.9840023,1.2,1.47978908,1.54653837
52.9942924,1.2,1.44441905,1.54653837
53.0058711,1.2,1.46061186,1.54653837
53.0129711,1.2,1.44475344,1.54653837
53.0251746,1.2,1.43469864,1.54653837
53.0339389,1.2,1.43277915,1.49430957
53.0519129,1.2,1.42281007,1.49430957
53.0588073,1.2,1.41802279,1.49430957
53.065108,1.2,1.40498821,1.49430957
53.0760385,1.2,1.41100227,1.49430957
53.0848035,1.2,1.42012608,1.49430957
53.0938814,1.2,1.42894527,1.49430957
53.1063763,1.2,1.44806698,1.49430957
53.1141023,1.2,1.46063817,1.49430957
53.1239823,1.2,1.47732018,1.49430957
53.1342778,1.2,1.47513396,1.49430957
53.1446817,1.2,1.46078376,1.49430957
53.1534783,1.2,1.50768394,1.49430957
53.1664289,1.2,1.54286902,1.49430957
53.1751775,1.2,1.54015173,1.49430957
53.1837495,1.2,1.55162722,1.49430957
53.191345,1.2,1.56056318,1.49430957
53.2022903,1.2,1.55692943,1.49430957
53.2121139,1.2,1.54980333,1.49430957
53.2242737,1.2,1.52301373,1.49430957
53.2336987,1.2,1.57186104,1.49430957
53.2418921,1.2,1.57452229,1.49430957
53.2552804,1.2,1.57614152,1.49430957
53.2630681,1.2,1.55087591,1.49430957
53.2755155,2,1.56433631,1.49430957
53.2833861,1.60291802,1.56212484,1.49430957
53.2930101,1.60291802,1.57467511,1.49430957
53.3064592,1.60291802,1.59305375,1.49430957
53.3132918,1.60291802,1.62378121,1.49430957
53.324491,1.60291802,1.69320087,1.49430957
53.3346188,1.2,1.71978915,1.49430957
53.3439358,1.2,1.74272698,1.49430957
53.3539743,1.2,1.81275647,1.49430957
53.3633767,1.2,1.79189879,1.49430957
53.3751434,1.2,1.77540488,1.49430957
53.3851731,1.2,1.78419534,1.49430957
53.3957318,1.2,1.76617682,1.49430957
53.4067172,1.2,1.74376724,1.49430957
53.4126995,1.2,1.71570256,1.49430957
53.4265419,1.2,1.71419052,1.49430957
53.4328018,1.2,1.65758988,1.49430957
53.4480568,1.2,1.65329048,1.49430957
53.4537642,1.2,1.6226124,1.49430957
53.4633969,1.2,1.58642381,1.49430957
53.4729974,1.2,1.58458276,1.49430957
53.4817914,1.2,1.5659125,1.49430957
53.4935283,1.2,1.59524804,2.14192678
53.5055507,1.2,1.53739485,1.82048037
53.5141486,1.2,1.54394584,1.82048037
53.5240217,1.2,1.52621949,1.82048037
53.5317841,1.2,1.53404043,1.82048037
53.5443036,1.2,1.46543725,1.82048037
53.5528708,1.2,1.49081715,1.49430957
53.5639595,1.2,1.48143399,1.49430957
53.5743052,1.2,1.47442676,1.49430957
53.582801,1.2,1.45091226,1.49430957
53.5936722,1.2,1.45464301,1.49430957
53.6051007,1.2,1.45691945,1.49430957
53.6130894,1.2,1.44974599,1.49430957
53.6255793,1.2,1.41447807,1.49430957
53.6343271,1.2,1.42327532,1.49430957
53.6445162,1.2,1.42762948,1.49430957
53.6547926,1.2,1.45688275,1.49430957
53.6637035,1.2,1.45283246,1.49430957
53.6735204,1.2,1.47049572,1.49430957
53.684014,1.2,1.47990393,1.49430957
53.6945055,1.2,1.48657238,1.49430957
53.7065816,1.2,1.50611215,1.49430957
53.7132417,1.2,1.50397661,1.49430957
53.7248976,1.2,1.52149327,1.49430957
53.7330752,1.2,1.52304592,1.49430957
53.7481198,1.2,1.55024722,1.49430957
53.7533492,1.2,1.53595199,1.49430957
53.7638683,1.2,1.55225275,1.49430957
53.7750538,1.2,1.55477944,1.49430957
53.7829699,1.2,1.56033092,1.49430957
53.792148,1.2,1.54732935,1.49430957
53.8063873,1.2,1.56220414,1.49430957
53.8141305,1.2,1.57898815,1.49430957
53.8247953,1.2,1.55353852,1.49430957
53.8331309,1.2,1.55819242,1.49430957
53.8423026,1.2,1.55089071,1.49430957
53.8538861,1.2,1.51596981,1.49430957
53.8648165,1.2,1.54332578,1.49430957
53.8738927,1.2,1.57544095,1.49430957
53.8826239,1.2,1.54408697,1.49430957
53.8972987,1.2,1.5512285,1.49430957
53.907322,1.2,1.55088073,1.49430957
53.9137293,1.2,1.54973664,1.49430957
53.923352,1.2,1.54822422,1.49430957
53.9339653,1.2,1.54237533,1.49430957
53.9437145,1.2,1.55981519,1.49430957
53.9529434,1.2,1.5446623,1.49430957
53.9662036,1.2,1.53966039,1.49430957
53.9762199,1.2,1.55261093,1.49430957
53.9832691,1.2,1.5545082,1.49430957
53.9952861,1.2,1.53527138,1.49430957
54.0080693,1.2,1.56355695,1.49430957
54.0164,1.2,1.55110351,1.49430957
54.0244021,1.2,1.55227156,1.49430957
54.0346606,1.2,1.52908498,1.49430957
54.0427172,1.2,1.54696466,1.49430957
54.0545947,1.2,1.53801491,1.49430957
54.0637064,1.2,1.53305513,1.49430957
54.0760143,1.2,1.53370195,1.49430957
54.084403,1.2,1.53761436,1.49430957
54.0930799,1.2,1.53325291,1.49430957
54.10393,1.2,1.54448205,1.49430957
54.1135992,1.2,1.5347201,1.49430957
54.1249018,1.2,1.55425712,1.49430957
54.1321341,1.2,1.55137021,1.49430957
54.1450636,1.2,1.54678386,1.49430957
54.1547646,1.2,1.54058005,1.49430957
54.1634097,1.2,1.53307717,1.49430957
54.1752667,1.2,1.53560604,1.49430957
54.1843539,1.2,1.51137513,1.49430957
54.1914756,1.2,1.52873507,1.49430957
54.2033554,1.2,1.53461172,1.49430957
54.2115303,1.2,1.53427275,1.49430957
54.2216529,1.2,1.53566371,1.49430957
54.2326408,1.2,1.52976044,1.49430957
54.2453115,1.2,1.52783243,1.49430957
54.2536083,1.2,1.54650548,1.49430957
54.2617754,1.2,1.51571043,1.49430957
54.273626,1.2,1.53456612,1.49430957
54.2842973,1.2,1.53499395,1.49430957
54.2925302,1.2,1.53813576,1.49430957
54.3041815,1.2,1.55256497,1.49430957
54.3131785,1.2,1.49998357,1.49430957
54.3222928,1.2,1.55140393,1.49430957
55.3940178,1.2,1.74706378,1.85204599
55.4032567,1.2,1.73364978,1.85204599
55.4140197,1.2,1.69018619,1.85204599
55.4336062,1.2,1.65994025,1.67410661
55.4434829,1.2,1.62442715,1.67410661
55.4502332,1.2,1.59092909,1.67410661
55.4563292,1.2,1.5830571,1.67410661
55.46478,1.2,1.54584878,1.67410661
55.4739623,1.2,1.551141,1.67410661
55.4839903,1.2,1.52036899,1.58337658
55.4935398,1.2,1.51126456,1.58337658
55.5047365,1.2,1.51058995,1.58337658
55.5134513,1.2,1.48141788,1.58337658
55.5228949,1.2,1.4851332,1.58337658
55.5338023,1.2,1.46189936,1.51147366
55.5441776,1.26456149,1.49389545,1.53647809
55.5535723,1.26456149,1.42712073,1.53647809
55.5745518,1.26456149,1.45998963,1.49430957
55.5855312,1.32856623,1.43477433,1.49430957
55.5904854,1.32856623,1.48544693,1.49430957
55.5960504,1.32856623,1.42184156,1.49430957
55.6055867,1.32856623,1.46334391,1.49430957
55.6133695,1.32856623,1.46483057,1.49430957
55.6251354,1.40189374,1.49447523,1.49430957
55.6349928,1.40189374,1.50797572,1.49430957
55.6426993,1.40189374,1.56007553,1.49430957
55.6531911,1.40189374,1.60741361,1.49430957
55.6649036,1.40189374,1.60474715,1.49430957
55.6747427,1.50053368,1.66946485,1.49430957
55.6826499,1.50053368,1.70819129,1.49430957
55.6926236,1.50053368,1.71239521,1.49430957
55.7048362,1.55490029,1.77038558,1.49430957
55.7138729,1.6059841,1.77714926,1.49430957
55.7227436,1.6059841,1.84520411,1.49430957
55.7330084,1.6059841,1.83673312,1.49430957
55.7449176,1.6059841,1.88608743,1.49430957
55.7547674,1.69943004,1.93029696,1.49430957
55.7706971,1.69943004,1.95630421,1.54657348
55.794064,1.69943004,1.98043344,1.54657348
55.7993659,1.79569082,2.00081425,1.5983867
55.7993891,1.79569082,2.07007794,1.5983867
55.8086239,1.79569082,2.09759023,1.5983867
55.8135276,1.79569082,2.12527741,1.5983867
55.828784,1.79569082,2.14454871,1.5983867
55.8356131,1.79569082,2.18458647,1.5983867
55.8441147,1.79569082,2.20831671,1.6577469
55.8569461,1.92675935,2.25030153,1.6577469
55.865177,1.2,2.27216567,1.6577469
55.8753439,1.2,2.28596938,1.6577469
55.8840078,1.25956132,2.31038607,1.6577469
55.8959645,1.25956132,2.33281798,1.73759805
55.9048013,1.25956132,2.33418762,1.73759805
55.9143978,1.25956132,2.31121413,1.73759805
55.9226212,1.25956132,2.22727202,1.73759805
55.9316338,1.41039612,2.11689871,1.82296243
55.9420324,1.41039612,2.11066803,1.82296243
55.9557103,1.41039612,2.06794388,1.82296243
55.9655623,1.41039612,2.07515277,1.82296243
55.973138,1.58870291,1.99391818,1.89860893
55.9814458,1.58870291,1.98632402,1.89860893
55.9941061,1.58870291,1.97504344,1.89860893
56.0107382,1.58870291,1.97686381,1.89860893
56.0198838,1.58870291,1.93883754,1.97653411
56.029149,1.83795852,1.94814474,1.97653411
56.0392133,1.83795852,1.9394219,1.97653411
56.0428582,1.83795852,1.92786572,1.97653411
56.0571248,1.83795852,1.92777909,1.97653411
56.0644916,1.83795852,1.96895676,1.97653411
56.0753931,2,2.01493985,2.0826369
56.0875526,2,2.04129372,1.49430957
56.0952487,2,2.09934601,1.49430957
56.1029253,2,2.10893888,1.54252574
56.1119104,2,2.18373478,1.54252574
56.1253754,2,2.22772125,1.54252574
56.1347567,2,2.23511215,1.54252574
56.1435542,2,2.27693521,1.54252574
56.1554637,2,2.33691632,1.66462976
56.1627438,2,2.34218361,1.66462976
56.1712185,2,2.38108477,1.66462976
56.183051,2,2.42345089,1.66462976
56.1931944,2,2.4404811,1.80897294
56.2029363,2,2.47634242,1.80897294
56.2140578,2,2.50739684,1.80897294
56.2224935,2,2.52281044,1.80897294
56.2351073,2,2.54692057,1.80897294
56.2440023,2,2.56765766,2.01075071
56.252855,2,2.60668723,2.01075071
56.263466,2,2.59107399,2.01075071
56.2730372,2,2.52365022,2.01075071
56.2851967,2,2.62677174,2.01075071
56.292829,2,2.63595922,2.14192678
56.3060687,2,2.64832862,2.14192678
56.3150646,2,2.64923506,2.14192678
56.3242317,2,2.66107594,2.14192678
56.33355,2,2.66943863,2.14192678
56.3510841,2,2.67702545,2.14192678
56.3572015,1.99370523,2.68106473,2.14192678
56.3640925,1.99370523,2.67592191,2.14192678
56.3746586,1.99370523,2.62824003,2.14192678
56.3839965,1.99370523,2.66995667,2.14192678
56.3945871,1.86902798,2.67102939,2.14192678
56.4043814,1.86902798,2.67192567,2.14192678
56.4188823,1.86902798,2.66225782,2.14192678
56.435186,1.86902798,2.63755395,2.14192678
56.4417456,1.82121166,2.67446959,2.14192678
56.4474874,1.82121166,2.60729816,2.14192678
56.4541465,1.82121166,2.60179494,2.14192678
56.465229,1.82121166,2.63661564,2.14192678
56.4731949,1.82121166,2.61692132,2.14192678
56.485397,1.89975366,2.59428213,2.14192678
56.4927664,1.89975366,2.58134124,2.14192678
56.5052202,1.89975366,2.55327807,2.14192678
56.5118284,1.89975366,2.5380887,2.14192678
56.5227379,1.89975366,2.54255066,2.14192678
56.5369064,2,2.53009531,2.14192678
56.5478175,2,2.50466025,2.14192678
56.5540565,2,2.50802041,2.14192678
56.5638688,2,2.48673931,2.14192678
56.5727784,2,2.48750875,2.13683103
56.5840536,2,2.47691366,2.13683103
56.5929339,2,2.4788224,2.13683103
56.6076013,2,2.48367361,2.13683103
56.612026,2,2.46701683,2.03590211
56.6251053,2,2.47285171,2.03590211
56.6339185,2,2.48299519,2.03590211
56.6440253,2,2.52002759,2.03590211
56.6544835,2,2.50415958,2.03590211
56.6710754,2,2.54561901,1.99719377
56.6791542,2,2.56337087,1.99719377
56.6856367,2,2.54918447,1.99719377
56.6936761,2,2.59357182,1.99719377
56.7045795,2,2.60582284,2.06077521
56.7152896,2,2.61641675,2.06077521
56.7312728,2,2.61524114,2.06077521
56.7364238,2,2.63186948,2.06077521
56.7446314,2,2.64822273,2.06077521
56.7541567,1.89774533,2.64521753,2.14192678
56.7645944,1.2,2.66565934,2.14192678
56.7738528,1.2,2.65148194,2.14192678
56.7900091,1.2,2.64448656,2.14192678
56.7973208,1.2,2.65014923,2.14192678
56.8076978,1.2,2.6022557,2.14192678
56.8127463,1.2,2.55397342,2.14192678
56.8283525,1.2,2.4950175,2.14192678
56.8407086,1.2,2.42246137,2.14192678
56.8479757,1.2,2.37789079,2.14192678
56.8605618,1.2,2.33003971,2.14192678
56.8662928,1.2,2.28673201,2.14192678
56.8734074,1.2,2.24587466,2.14192678
56.8838569,1.2,2.20785809,2.14192678
56.8928483,1.2,2.18153169,2.14192678
56.9072359,1.2,2.11076639,2.14192678
56.9145343,1.2,2.07989513,2.14192678
56.925104,1.2,2.0314998,2.14192678
56.9348015,1.2,1.98179913,2.14192678
56.9434911,1.2,1.96154076,2.14192678
56.9557725,1.2,1.88498234,2.14192678
56.9623557,1.2,1.87057939,2.14192678
56.9751479,1.2,1.81613063,2.05914942
56.9839047,1.2,1.79147439,1.49430957
56.9933707,1.2,1.77563058,1.49430957
57.0043032,1.2,1.71769884,1.49430957
57.0145079,1.2,1.69737069,1.49430957
57.0277267,1.2,1.66775049,1.49430957
57.0362745,1.2,1.63864308,1.49430957
57.0431405,1.2,1.60386664,1.49430957
57.0543458,1.2,1.61731106,1.49430957
57.0635748,1.2,1.53028598,1.49430957
57.0733998,1.2,1.58541542,1.49430957
57.085627,1.2,1.53290314,1.49430957
57.0950448,1.2,1.49632128,1.49430957
57.1043167,1.2,1.49345105,1.49430957
58.6431642,1.2,1.58587832,1.49430957
58.6550549,1.2,1.49213816,1.49430957
58.6660949,1.2,1.53352754,1.49430957
58.6733938,1.2,1.52271641,1.49430957
58.6857991,1.2,1.52189742,1.49430957
58.6940773,1.2,1.52556207,1.49430957
58.7029372,1.2,1.53707431,1.49430957
58.7129337,1.2,1.53008172,1.49430957
58.7227089,1.2,1.49955055,1.49430957
58.7349947,1.2,1.49986649,1.49430957
58.74404,1.2,1.50735803,1.49430957
58.7530288,1.2,1.5282687,1.49430957
58.7620889,1.2,1.518115,1.49430957
58.7747857,1.2,1.54558178,1.49430957
58.783389,1.2,1.53444696,1.49430957
58.7939471,1.2,1.54075556,1.49430957
58.8060112,2.2,1.54888842,1.49430957
58.8125704,2.2,1.54106058,1.49430957
58.8268931,2.2,1.52329255,1.49430957
58.8364208,2.2,1.53568594,1.49430957
58.8445514,2.2,1.58519029,1.49430957
58.853682,2.2,1.61893562,1.49430957
58.8629419,2.2,1.63387901,1.49430957
58.871911,2.2,1.683353,1.49430957
58.8852188,2.2,1.74006403,1.49430957
58.894575,2.2,1.81239712,1.49430957
58.9057927,2.2,1.8534732,1.49430957
58.9146081,2.2,1.86096201,1.49430957
58.9218534,2.2,1.92181577,1.49430957
58.9336157,2.2,1.94072729,1.49430957
58.944442,2.2,2.02786094,1.49430957
58.9543124,2.2,2.03334019,1.49430957
58.9635526,2.2,2.09286656,1.49430957
58.972939,2.2,2.12648693,1.49430957
58.9840964,2.2,2.1535676,1.49430957
58.9938556,2.2,2.19279267,1.49430957
59.0036285,2.2,2.24505867,1.49430957
59.0132059,1.70628452,2.26914154,1.49430957
59.0233278,1.70628452,2.2863963,2.30383108
59.0336909,1.70628452,2.35659934,2.30383108
59.044427,1.70628452,2.39150963,2.30383108
59.055641,1.70628452,2.39132637,2.30383108
59.0652141,1.3128649,2.42400954,2.30383108
59.0739033,1.2,2.37888477,2.30383108
59.0851498,1.2,2.36584657,2.30383108
59.0967806,1.2,2.31814978,2.30383108
59.1065664,1.2,2.27288716,2.30383108
59.1146748,1.2,2.23347769,2.30383108
59.1234724,1.2,2.15721365,2.30383108
59.1348445,1.2,2.10535396,2.30383108
59.1420087,1.2,2.0388971,2.30383108
59.1539694,1.2,2.01863705,2.30383108
59.1688716,1.2,1.96345893,2.30383108
59.1740491,1.2,1.91624358,2.30383108
59.1862156,1.2,1.89763669,2.30383108
59.1931748,1.2,1.83301034,2.30383108
59.2045968,1.2,1.78292551,2.30383108
59.2145288,1.2,1.76059025,2.30383108
59.2248517,1.2,1.71304051,2.30383108
59.2349408,1.2,1.69947448,1.90415778
59.2419876,1.2,1.66014319,1.90415778
59.25318,1.2,1.66456601,1.90415778
59.2644979,1.2,1.59191015,1.90415778
59.2753105,1.2,1.56075455,1.90415778
59.2839039,1.2,1.52585726,1.58567613
59.2952075,1.2,1.54134227,1.49430957
59.3073481,1.2,1.49707965,1.49430957
59.3158409,1.2,1.49913904,1.49430957
59.3236497,1.2,1.49949124,1.49430957
59.3350111,1.2,1.47097092,1.49430957
59.3433847,1.2,1.43255089,1.49430957
59.355145,1.2,1.47477137,1.49430957
59.3633476,1.2,1.43908832,1.49430957
59.3734539,1.2,1.42814638,1.49430957
59.383525,1.2,1.4342189,1.49430957
59.3957355,1.2,1.42856646,1.49430957
59.4027401,1.2,1.40834851,1.49430957
59.4142704,1.2,1.43486851,1.49430957
59.4256551,1.2,1.42257372,1.49430957
59.4343938,1.2,1.44195172,1.49430957
59.4437242,1.2,1.40782142,1.49430957
59.4538615,1.2,1.44047882,1.49430957
59.4635599,1.2,1.46867405,1.49430957
59.4729392,1.2,1.46599239,1.49430957
59.4859316,1.2,1.48119041,1.49430957
59.4924816,1.2,1.49678418,1.49430957
59.5058302,1.52509055,1.50994719,1.49430957
59.5139985,1.2,1.53606293,1.49430957
59.5259029,1.2,1.51481712,1.49430957
59.5336231,1.2,1.54646081,1.49430957
59.5470612,1.2,1.53809811,1.49430957
59.5539385,1.2,1.5680437,1.49430957
59.5648191,1.2,1.58116673,1.49430957
59.5741375,1.2,1.5683613,1.49430957
59.5873152,1.2,1.57771268,1.49430957
59.5946079,1.2,1.55871704,1.49430957
59.6028136,1.2,1.56078888,1.49430957
59.61433,1.2,1.56858403,1.49430957
59.6256114,1.2,1.55768687,1.49430957
59.6353756,1.2,1.56967277,1.49430957
59.6438544,1.2,1.54229609,1.49430957
59.6526444,1.2,1.56778019,1.49430957
59.6648323,1.2,1.54532035,1.49430957
59.6735293,1.2,1.56266194,1.49430957
59.6869719,1.2,1.55046924,1.49430957
59.6928534,1.2,1.56428523,1.49430957
59.7056182,1.2,1.54485309,1.49430957
59.7131257,1.2,1.55191456,1.49430957
59.7225646,1.2,1.58358484,1.49430957
59.7366592,1.2,1.55382709,1.49430957
59.7438804,1.2,1.53997288,1.49430957
59.7561041,1.2,1.5559581,1.49430957
59.7633228,1.2,1.56284602,1.49430957
59.7738461,1.2,1.53052036,1.49430957
59.7852473,1.2,1.54272449,1.49430957
59.7953311,1.2,1.54700063,1.49430957
59.8032627,1.2,1.54530458,1.49430957
59.8136931,1.2,1.5417104,1.49430957
59.8226336,1.2,1.49764955,1.49430957
59.837393,1.2,1.55004279,1.49430957
59.8469903,1.2,1.54405166,1.49430957
59.8566991,1.2,1.53692733,1.49430957
59.8631507,1.2,1.54089721,1.49430957
59.8725195,1.2,1.54636006,1.49430957
59.8828333,1.2,1.54203025,1.49430957
59.8945369,1.2,1.54559878,1.49430957
59.9029105,2.2,1.53773192,1.49430957
59.915777,2.2,1.53251558,1.49430957
59.9240518,2.2,1.55623484,1.49430957
59.9332887,2.2,1.5543409,1.49430957
59.9456984,2.2,1.59703977,1.49430957
59.955212,2.2,1.65897451,1.49430957
59.9632257,2.2,1.7010264,1.49430957
59.9733356,2.2,1.74979351,1.49430957
59.9855001,1.2,1.7816683,1.49430957
59.994838,1.2,1.85535971,1.49430957
60.0052929,1.2,1.88191011,1.49430957
60.0167023,1.2,1.93709789,1.49430957
60.0296039,1.2,1.94863662,1.49430957
60.0361712,1.2,1.93763038,1.49430957
60.0429492,1.2,1.8897507,1.49430957
60.0587913,1.2,1.81475456,1.49430957
60.0662549,1.2,1.7841677,1.49430957
60.0760977,1.2,1.72208606,1.49430957
60.0842653,1.2,1.72013518,1.49430957
60.0936797,1.2,1.62877993,1.49430957
60.1111963,1.2,1.66407086,1.49430957
60.1208937,1.2,1.59655753,2.30383108
60.1310058,1.2,1.57000251,2.30383108
60.1357874,1.2,1.57569415,2.30383108
60.1437909,1.2,1.54315123,2.30383108
60.1551846,1.2,1.48170178,2.30383108
60.1645364,1.2,1.50237776,2.30383108
60.1747186,1.2,1.48229087,2.30383108
60.1847846,1.2,1.49819994,2.30383108
60.1967253,1.2,1.47142497,2.30383108
60.2065325,1.2,1.49196293,1.49430957
60.2150691,1.2,1.45426445,1.49430957
60.2234784,1.2,1.44067172,1.49430957
60.2378644,1.2,1.44489246,1.49430957
60.2439725,1.2,1.409236,1.49430957
60.2541151,1.2,1.42473168,1.49430957
60.264802,1.2,1.32340491,1.49430957
60.2744427,1.2,1.45391036,1.49430957
60.2849173,1.2,1.40638168,1.49430957
60.2936942,1.2,1.41594124,1.49430957
60.3062635,1.2,1.40855331,1.49430957
60.3135473,1.2,1.43975788,1.49430957
60.3261756,1.2,1.44123284,1.49430957
60.3356898,1.2,1.46293137,1.49430957
60.3450908,1.2,1.46454728,1.49430957
60.3537942,1.2,1.51656099,1.49430957
60.365304,1.2,1.49970381,1.49430957
60.3746177,1.2,1.5068166,1.49430957
60.3856935,1.2,1.48481898,1.49430957
60.3956328,1.2,1.53102378,1.49430957
60.4108866,1.2,1.53116795,1.49430957
60.4165649,1.2,1.54774496,1.49430957
60.424338,1.2,1.54196774,1.49430957
60.4342729,1.2,1.54529249,1.49430957
60.4464695,1.2,1.56673314,1.49430957
60.4538279,1.2,1.55424146,1.49430957
60.4645589,1.2,1.5638214,1.49430957
60.4735719,1.2,1.56787608,1.49430957
60.4831649,1.2,1.58826306,1.49430957
60.4913693,1.2,1.54406205,1.49430957
60.5024575,1.2,1.56642322,1.49430957
60.5143339,1.2,1.55233696,1.49430957
60.5242198,1.2,1.57822037,1.49430957
60.5357535,1.2,1.5582886,1.49430957
60.5443563,1.2,1.55880859,1.49430957
60.5548011,1.2,1.55188036,1.49430957
60.562673,1.2,1.53658164,1.49430957
60.5725279,1.2,1.57880518,1.49430957
60.5838229,1.2,1.55592258,1.49430957
60.5929886,1.2,1.54381521,1.49430957
60.602151,1.2,1.52413625,1.49430957
60.6148963,1.2,1.57042391,1.49430957
60.6242041,1.2,1.54939101,1.49430957
60.6405551,1.2,1.53486564,1.49430957
60.6485063,1.2,1.52437862,1.49430957
60.6573645,1.2,1.53985554,1.49430957
60.6649656,1.2,1.54218586,1.49430957
60.6753043,1.2,1.53181244,1.49430957
60.6841332,1.2,1.55853246,1.49430957
60.6934582,1.2,1.53159999,1.49430957
60.7078308,1.2,1.55383657,1.49430957
60.7169933,1.2,1.5471977,1.49430957
60.7240167,1.2,1.55133319,1.49430957
60.7343309,1.2,1.53810846,1.49430957
60.7434713,1.2,1.5374839,1.49430957
60.7528314,1.2,1.53984552,1.49430957
60.7634365,1.2,1.53699413,1.49430957
60.7755292,1.2,1.53760337,1.49430957
60.7857585,1.2,1.51556647,1.49430957
60.7948186,1.2,1.5381233,1.49430957
60.804096,1.2,1.54569355,1.49430957
60.8123362,1.2,1.53887051,1.49430957
60.8216289,1.2,1.54442034,1.49430957
60.834551,1.2,1.53798801,1.49430957
60.8464134,1.2,1.53706427,1.49430957
60.8547166,1.2,1.5359952,1.49430957
60.8637033,1.2,1.52808635,1.49430957
60.8754545,1.2,1.54092806,1.49430957
60.8838206,1.2,1.52722423,1.49430957
60.8949433,1.2,1.53579616,1.49430957
60.9047107,1.2,1.54871923,1.49430957
60.9147953,1.2,1.53094255,1.49430957
60.9253818,1.2,1.54821264,1.49430957
60.9371194,1.2,1.52659976,1.49430957
60.9465421,1.2,1.5294873,1.49430957
60.9541467,1.2,1.53411942,1.49430957
60.9652465,1.2,1.5368638,1.49430957
60.9726317,1.2,1.52414935,1.49430957
60.9848463,1.2,1.53365668,1.49430957
60.993904,1.2,1.51920078,1.49430957
61.0038907,1.2,1.55639563,1.49430957
61.0184536,1.2,1.54061151,1.49430957
61.0228821,1.2,1.57538973,1.49430957
61.0325954,1.2,1.54067692,1.49430957
61.0444583,1.2,1.52038258,1.49430957
61.0546441,1.2,1.55992788,1.49430957
61.0639836,1.2,1.52332191,1.49430957
61.0748672,1.2,1.52223292,1.49430957
61.0862733,1.2,1.50983531,1.49430957
61.0944768,1.2,1.5253552,1.49430957
61.1029308,1.2,1.54742145,1.49430957
61.1149892,1.2,1.52935561,1.49430957
61.1232533,1.2,1.53609815,1.49430957
61.1340912,1.2,1.52841943,1.49430957
61.1418956,1.2,1.5612571,1.49430957
61.154466,1.2,1.52919255,1.49430957
61.1636346,1.2,1.54406414,1.49430957
61.1756645,1.2,1.51544301,1.49430957
61.1855252,1.2,1.56900826,1.49430957
61.194171,1.2,1.50610157,1.49430957
61.2037702,1.2,1.52669029,1.49430957
61.2151608,1.2,1.50992047,1.49430957
61.2257355,1.2,1.55165208,1.49430957
61.2321151,1.2,1.54046795,1.49430957
61.2438537,1.2,1.53489646,1.49430957
61.2520928,1.2,1.55364441,1.49430957
61.2633476,1.2,1.53691706,1.49430957
61.2748127,1.2,1.53349467,1.49430957
61.2832437,1.2,1.53299023,1.49430957
61.2931502,1.2,1.51762415,1.49430957
61.3034104,1.2,1.53290311,1.49430957
61.3182452,1.2,1.53172545,1.49430957
61.3248939,1.2,1.52358751,1.49430957
61.3363808,1.2,1.52949132,1.49430957
61.3439732,1.2,1.53691363,1.49430957
61.3526299,1.2,1.53592324,1.49430957
61.3638742,1.2,1.53538229,1.49430957
61.3750794,1.2,1.5580389,1.49430957
61.3847606,1.2,1.53087928,1.49430957
61.3921705,1.2,1.53756383,1.49430957
61.4051915,1.2,1.51525874,1.49430957
61.4185758,1.2,1.53425607,1.49430957
61.4257199,1.2,1.52940596,1.49430957
61.4337355,1.2,1.53305346,1.49430957
61.4445147,1.2,1.52554691,1.49430957
61.4566628,1.2,1.5449368,1.49430957
61.4658169,1.2,1.54195216,1.49430957
61.4764335,1.87668116,1.48942927,1.49430957
61.4881116,1.56850971,1.54091572,1.49430957
61.4924555,1.56850971,1.53554244,1.49430957
61.50316,1.56850971,1.54462057,1.49430957
61.514072,1.56850971,1.60127503,1.49430957
61.5244484,2.19798262,1.62616769,1.49430957
61.53522,2.19798262,1.60819029,1.49430957
61.5443955,2.19798262,1.70271911,1.49430957
61.55251,2.19798262,1.76688866,1.49430957
61.5657386,2.2,1.71330455,1.49430957
61.5745938,2.2,1.80996591,1.49430957
61.5845417,2.2,1.85754925,1.49430957
61.5936813,2.2,1.92073623,1.49430957
61.6033378,2.2,1.95787615,1.49430957
61.6177895,2.2,1.99240599,1.49430957
61.6252881,2.2,2.04081539,1.49430957
61.6344339,2.2,2.0870244,1.49430957
61.6434456,2.2,2.13631038,1.49430957
61.6528276,2.2,2.19060826,1.49430957
61.6650159,2.2,2.21495027,1.49430957
61.674424,2.2,2.26383391,1.49430957
61.6841596,2.2,2.29695681,1.49430957
61.6935524,2.2,2.3403813,1.49430957
61.7069523,2.2,2.39691566,1.7926261
61.7147289,2.2,2.43074807,1.7926261
61.7269199,2.2,2.44415486,1.7926261
61.7353534,2.2,2.4911562,1.7926261
61.745889,2.2,2.51660085,2.30219797
61.7544275,2.2,2.5538041,2.30219797
61.7641689,2.2,2.60355331,2.30219797
61.7745893,2.2,2.6525051,2.30219797
61.7839634,2.05805698,2.67148649,2.30219797
61.794233,2.05805698,2.71087417,2.30383108
61.8053329,2.05805698,2.7273305,2.30383108
61.8126044,2.05805698,2.76760985,2.30383108
61.8251134,2.05805698,2.78256785,2.30383108
61.835357,2.05805698,2.78418494,2.30383108
61.8456383,1.71516589,2.77171845,2.30383108
61.854191,1.71516589,2.75607749,2.30383108
61.8641383,1.71516589,2.78436041,2.30383108
61.8754603,1.48630486,2.74880945,2.30383108
61.8837885,1.48630486,2.75766876,2.30383108
61.8934234,1.48630486,2.73628055,2.30383108
61.9053093,1.48630486,2.73321464,2.30383108
61.91529,1.48630486,2.62359813,2.30383108
61.9228433,1.32928037,2.58635717,2.30383108
61.9334711,1.32928037,2.50874655,2.30383108
61.945341,1.32928037,2.49114225,2.30383108
61.9551177,1.32928037,2.44004324,2.30383108
61.9633185,1.32928037,2.39455761,2.30383108
61.9760406,1.21469444,2.33390511,2.30383108
61.9841339,1.21469444,2.2993986,2.30383108
61.9929129,1.22251603,2.25257701,2.30383108
62.0037289,1.2,2.20897797,2.30383108
62.01543,1.2,2.14994617,2.18892515
62.0234315,1.2,2.10505887,2.18892515
62.034958,1.2,2.05045097,2.18892515
62.0451862,1.2,2.00362735,2.18892515
62.0552388,1.2,1.97301558,2.18892515
62.0689337,1.2,1.92957069,1.91134744
62.0797947,1.2,1.89853284,1.91134744
63.4467588,1.2,2.78578975,2.00898753
63.4562888,1.2,2.81444406,2.09551485
63.4851713,1.2,2.75916921,2.05474451
63.5064811,1.2,2.63773652,2.30383108
63.5152567,1.2,2.58255435,2.30383108
63.5253375,1.2,2.5371639,2.30383108
63.5315514,1.2,2.48126364,2.30383108
63.55736,1.2,2.4383345,2.30383108
63.5645452,1.2,2.39580857,2.30383108
63.5748618,1.2,2.33766939,2.30383108
63.5899637,1.2,2.30592948,2.30383108
63.5899902,1.2,2.25288316,2.30383108
63.5956125,1.2,2.22449533,2.30383108
63.6042609,1.2,2.1485354,2.30383108
63.6148471,1.2,2.12656032,2.30383108
63.6236823,1.2,2.08063872,2.30383108
63.6352773,1.2,2.03144496,2.30383108
63.6465375,1.2,1.99173825,2.30383108
63.6529598,1.2,1.95163486,2.30383108
63.662498,1.2,1.88209991,1.49430957
63.6732076,1.2,1.86842589,1.49430957
63.6834717,1.2,1.8108615,1.49430957
63.6932637,1.2,1.80646931,1.49430957
63.7028224,1.2,1.73584956,1.49430957
63.7126765,1.2,1.73335959,1.49430957
63.7262851,1.2,1.68262184,1.49430957
63.7404464,1.2,1.65681559,1.49430957
63.747957,1.2,1.62238026,1.49430957
63.7575638,1.2,1.58636818,1.49430957
63.7670213,1.2,1.57163055,1.49430957
63.7741893,1.2,1.54174433,1.49430957
63.78469,1.2,1.53477614,1.49430957
63.792892,1.2,1.50603906,1.49430957
63.8025404,1.2,1.54834765,1.49430957
63.8141029,1.2,1.44786535,1.49430957
63.824068,1.2,1.52150436,1.49430957
63.8373299,1.2,1.46176779,1.49430957
63.8457768,1.2,1.44085929,1.49430957
63.8521163,1.2,1.45422762,1.49430957
63.8641605,1.2,1.43088005,1.49430957
63.8741171,1.2,1.4441948,1.49430957
63.8828657,1.2,1.45631922,1.49430957
63.8948327,1.2,1.41911181,1.49430957
63.9038458,1.2,1.41376491,1.49430957
63.9134045,1.2,1.43787239,1.49430957
63.9241301,1.2,1.39576368,1.49430957
63.936047,1.2,1.40982588,1.49430957
63.942838,1.2,1.41698505,1.49430957
63.9535929,1.2,1.4378141,1.49430957
63.9647761,1.2,1.45917525,1.49430957
63.9726812,1.2,1.46043729,1.49430957
63.983404,1.2,1.45709858,1.49430957
63.9942931,1.2,1.50489148,1.49430957
64.0018834,1.2,1.49496254,1.49430957
64.0124937,1.2,1.50370848,1.49430957
64.0257034,1.2,1.51181867,1.49430957
64.0348344,1.2,1.51375798,1.49430957
64.043686,1.2,1.58332031,1.49430957
64.0536778,1.2,1.53995002,1.49430957
64.0658008,1.2,1.52832524,1.49430957
64.0745162,1.2,1.55518778,1.49430957
64.0838426,1.2,1.52791166,1.49430957
64.0928281,1.2,1.53731482,1.49430957
64.1052514,1.2,1.53980029,1.49430957
64.1127543,1.2,1.53509867,1.49430957
64.1245434,1.2,1.53576862,1.49430957
64.1339692,1.2,1.52136184,1.49430957
64.1439895,1.2,1.54581032,1.49430957
64.1551302,1.2,1.53754879,1.49430957
64.1646285,1.2,1.55903836,1.49430957
64.1741361,1.2,1.53979662,1.49430957
64.1832089,1.2,1.55009468,1.49430957
64.2043487,1.2,1.53300313,1.49430957
64.2119064,1.2,1.54143831,1.49430957
64.2193617,1.2,1.53968435,1.49430957
64.2254416,1.2,1.55596548,1.49430957
64.2483201,1.98558213,1.53495836,1.49430957
64.2524867,1.98558213,1.52367538,1.49430957
64.2615176,1.98558213,1.53701913,1.49430957
64.2681493,1.98558213,1.56015843,1.49430957
64.2728022,1.98558213,1.5807048,1.49430957
65.3054683,1.2,1.51685782,1.49430957
65.3155424,1.2,1.53983884,1.49430957
65.3241567,1.2,1.5619316,1.49430957
65.3329592,1.2,1.52974547,1.49430957
65.3456552,1.2,1.53880337,1.49430957
65.3529187,1.2,1.55832915,1.49430957
65.365804,1.2,1.54327628,1.49430957
65.3726894,1.2,1.53018977,1.49430957
65.3827837,1.2,1.53397147,1.49430957
65.392304,1.2,1.5026881,1.49430957
65.4038604,1.2,1.53418478,1.49430957
65.4146776,1.2,1.54866265,1.49430957
65.4229471,1.2,1.52048263,1.49430957
65.4328264,1.2,1.50802733,1.49430957
65.4457005,1.2,1.51676535,1.49430957
65.4535022,1.2,1.5170756,1.49430957
65.4638748,2.4,1.520993,1.49430957
65.472855,2.4,1.54190302,1.49430957
65.4840265,2.4,1.5167365,1.49430957
65.4962655,2.4,1.55712414,1.49430957
65.5033814,2.4,1.58562511,1.49430957
65.5140235,2.4,1.62522591,1.49430957
66.7865067,1.2,1.84775403,1.49430957
66.8949818,1.2,1.5090743,2.45187997
66.9058078,1.2,1.47937274,2.45187997
66.9150739,1.2,1.47702725,2.45187997
66.9245696,1.2,1.51908998,2.45187997
66.9357637,1.2,1.44645159,2.45187997
66.9450224,1.2,1.47326001,2.45187997
66.9547098,1.2,1.43292904,2.46573538
66.9636684,1.2,1.4197643,1.49430957
66.9763679,1.2,1.45063966,1.49430957
66.9834675,1.2,1.41990501,1.49430957
66.9963304,1.2,1.41296363,1.49430957
67.0041418,1.2,1.4086963,1.49430957
67.0135812,1.2,1.37483409,1.49430957
67.0240896,1.2,1.40564401,1.49430957
67.0334735,1.2,1.42004301,1.49430957
67.043481,1.2,1.42881214,1.49430957
67.057901,1.2,1.46077189,1.49430957
67.0650653,1.2,1.45126724,1.49430957
67.0776767,1.2,1.47944484,1.49430957
67.0849357,1.2,1.46812553,1.49430957
67.0937164,1.2,1.50629933,1.49430957
67.1073746,1.2,1.50141477,1.49430957
67.1192502,1.2,1.49696588,1.49430957
67.1307997,1.2,1.50719375,1.49430957
67.1376847,1.2,1.53998328,1.49430957
67.1443705,1.2,1.53642832,1.49430957
67.1534014,1.2,1.54728944,1.49430957
67.1646572,1.2,1.54720724,1.49430957
67.1750544,1.2,1.54790633,1.49430957
67.1850571,1.2,1.54882452,1.49430957
67.1940785,1.2,1.55731788,1.49430957
67.2063044,1.2,1.55647309,1.49430957
67.2131341,1.2,1.56183532,1.49430957
67.2232807,1.2,1.5808522,1.49430957
67.2373779,1.2,1.56234821,1.49430957
67.2452954,1.2,1.55847015,1.49430957
67.2542991,1.2,1.56747606,1.49430957
67.2636347,1.2,1.5616455,1.49430957
67.2733841,1.2,1.55311976,1.49430957
67.2841747,1.2,1.56070634,1.49430957
67.2916274,1.2,1.55562089,1.49430957
67.3053573,1.2,1.54185904,1.49430957
67.3136954,1.2,1.57476703,1.49430957
67.3253899,1.2,1.54498893,1.49430957
67.3548373,1.2,1.55094584,1.49430957
67.3757453,1.2,1.52538478,1.49430957
67.3757808,1.2,1.56124686,1.49430957
67.3806637,1.2,1.54454381,1.49430957
67.3806897,1.2,1.54637433,1.49430957
67.3863606,1.2,1.54957152,1.49430957
67.3934875,1.2,1.54396307,1.49430957
67.4038584,1.2,1.53906341,1.49430957
67.4135791,1.2,1.54136993,1.49430957
67.4240287,1.2,1.53465325,1.49430957
67.4344348,1.2,1.54876454,1.49430957
67.4458035,1.2,1.54642479,1.49430957
67.4540115,1.2,1.55363064,1.49430957
67.4628872,1.2,1.55052877,1.49430957
67.4766558,1.2,1.55160111,1.49430957
67.4845316,1.2,1.56264759,1.49430957
67.4943573,1.2,1.55713182,1.49430957
67.5033272,1.2,1.54644728,1.49430957
67.5158756,1.2,1.55652624,1.49430957
68.5959789,2.4,2.61648576,2.46573538
68.6034711,2.4,2.64537899,2.46573538
68.6126774,2.4,2.69052811,2.46573538
68.6249337,2.4,2.73475855,2.46573538
68.6341104,2.4,2.77989604,2.46573538
68.6439944,2.4,2.82568165,2.46573538
68.6542097,2.3640265,2.84173116,2.46573538
68.6630819,2.3640265,2.92591869,2.46573538
68.6714577,2.3640265,2.88958077,2.46573538
68.6851866,2.3640265,2.95300989,2.46573538
68.6971477,2.02120341,2.95234546,2.46573538
68.7056976,2.02120341,2.99311886,2.46573538
68.7174765,2.02120341,3.05763962,2.46573538
68.7260322,2.02120341,3.06828527,2.46573538
68.7345837,2.02120341,3.0462485,2.46573538
68.7439703,2.02120341,3.04822846,2.46573538
68.7540329,1.68848048,3.0137521,2.38154104
68.7631797,1.68848048,3.01225511,2.38154104
68.7741012,1.68848048,2.98258922,2.38154104
68.7819718,1.68848048,2.93425457,2.38154104
68.7950185,1.68848048,2.86460502,2.27698175
68.8025662,1.52897938,2.83828243,2.46573538
68.8169021,1.61941703,2.76424922,2.46573538
68.8306155,1.61941703,2.72935053,2.46573538
68.8366821,1.45999513,2.67125127,2.46573538
68.8465297,1.45999513,2.61145666,2.46573538
68.853015,1.45999513,2.59489728,2.46573538
68.8687934,1.45999513,2.52794811,2.46573538
68.8990422,1.45999513,2.45618973,2.43661406
68.9076964,1.30197474,2.40065588,2.43661406
68.9077587,1.30197474,2.41399475,2.43661406
68.907785,1.30197474,2.32799177,2.43661406
68.9158056,1.30197474,2.29167783,2.43661406
68.9251602,1.22106224,2.24788724,2.1590914
68.9341045,1.22106224,2.19978308,2.1590914
68.9433288,1.42753879,2.13866257,2.1590914
68.9553974,1.42753879,2.10894839,2.1590914
68.9623173,1.42753879,2.0674501,2.1590914
68.9743153,1.4683787,1.99511978,1.88974503
68.9851131,1.4683787,2.03561537,1.88974503
68.9922492,1.4683787,1.98489451,1.88974503
69.0038473,1.4683787,1.96751496,1.88974503
69.0141866,1.50692831,1.96813617,1.88974503
69.0266358,1.50692831,1.95222347,1.76062545
69.033695,1.50692831,1.94016447,1.83383668
69.0457722,1.50692831,1.93875249,1.83383668
69.0554618,1.56597606,1.91512516,1.70478122
69.0624084,1.56597606,1.90276254,1.70478122
69.0772925,1.56597606,1.90773452,1.70478122
69.0855677,1.56597606,1.89944864,1.70478122
69.0930591,1.56597606,1.89600016,1.70478122
69.1032716,1.56597606,1.91801473,1.70478122
69.1131147,1.63541772,1.86784604,1.70478122
69.126358,1.63541772,1.85106166,1.57686032
69.1337953,1.63541772,1.88978907,1.57686032
69.145106,1.77768878,1.92542699,1.51135991
69.1542591,1.77768878,1.92417473,1.51135991
69.1653897,1.77768878,1.98286001,1.67850712
69.1731405,1.77768878,1.94931335,1.67850712
69.1828331,1.77768878,2.06159441,1.67850712
69.192917,1.9070781,2.05149072,1.67850712
69.2040034,1.9070781,2.08369166,1.7115679
69.2163027,1.9070781,2.12292648,1.7115679
69.2261574,1.9070781,2.166559,1.7115679
69.2323761,1.9070781,2.20238382,1.74277464
69.2456004,1.9070781,2.2261841,1.74277464
69.2542207,2.03754718,2.27022741,1.74277464
69.2621087,1.2,2.29726296,1.74277464
69.2745188,1.2,2.31637247,1.79057506
69.2841232,1.2,2.36870225,1.79057506
69.2942766,1.2,2.37994523,1.79057506
69.3049503,1.2,2.32804622,1.79057506
69.3124097,1.2,2.31395825,1.79057506
69.3290515,1.33559304,2.20323145,1.84678958
69.3391836,1.33559304,2.22928584,1.84678958
69.353449,1.33559304,2.08833189,1.84678958
69.3598465,1.33559304,2.08551544,1.84678958
69.3653907,1.33559304,2.05968619,1.96196106
69.3739809,1.46615874,2.05560599,1.96196106
69.3854995,1.46615874,2.00225634,1.96196106
69.3925328,1.46615874,1.93883986,1.96196106
69.4022039,1.46615874,1.93436466,1.96196106
69.4124138,1.46615874,1.93701533,2.0667045
69.4263865,1.6959213,1.87908891,2.0667045
69.4332146,1.6959213,1.90126314,2.0667045
69.4423499,1.6959213,1.88802471,2.0667045
69.4566146,1.99396151,1.88002227,2.0667045
69.4678186,1.99396151,1.89467853,2.0667045
69.4748772,1.99396151,1.84648242,2.17232203
69.4854136,1.99396151,1.89295997,1.49430957
69.4940675,1.99396151,1.93971967,1.49430957
69.5038087,2.30925814,1.96398372,1.49430957
69.5161236,2.39489462,2.02337888,1.49430957
69.525113,1.47573093,2.05182409,1.49430957
69.5354761,1.47573093,2.11568706,1.49430957
69.5436312,1.95809399,2.16959925,1.57533604
69.5563527,1.95809399,2.21411989,1.60407505
69.5642498,1.95809399,2.25010777,1.60407505
69.574283,1.95809399,2.253426,1.60407505
69.5862131,1.95809399,2.28257507,1.60407505
69.5937508,2.4,2.18700115,1.7097708
69.6032197,2.4,2.23200431,1.7097708
69.6127175,2.4,2.24955096,1.7097708
69.6240304,2.4,2.27591718,1.7097708
69.6339343,2.4,2.33107066,1.7097708
69.644023,2.4,2.33351521,1.89576853
69.6557449,2.4,2.39520262,1.89576853
69.6631411,2.4,2.45581083,1.89576853
69.6751549,2.4,2.49241305,1.89576853
69.6827132,2.4,2.55328937,2.13703849
69.6950552,2.4,2.53992088,2.13703849
69.7039497,2.4,2.60468543,2.13703849
69.7141056,2.4,2.66616224,2.13703849
69.7264138,2.4,2.65734278,2.3922779
69.7319767,2.4,2.72698719,2.3922779
69.748334,2.4,2.76579184,1.71751969
69.7561708,2.4,2.75541103,1.71751969
69.7663749,2.4,2.76789648,2.10800296
69.7730374,1.9488697,2.82396058,2.10800296
69.7835259,1.9488697,2.85769105,2.10800296
69.7969958,1.9488697,2.91005861,2.10800296
69.8025228,1.9488697,2.92210476,2.10800296
69.8132784,1.9488697,2.93014296,2.46573538
69.827285,1.67505061,2.87463544,2.46573538
69.8417664,1.67505061,2.89370456,2.46573538
69.851005,1.67505061,2.86400149,2.46573538
69.8552278,1.67505061,2.82445349,2.46573538
69.8657806,1.67505061,2.74815357,2.46573538
69.8759522,1.55239928,2.71528033,2.46573538
69.8875158,1.55239928,2.62441755,2.46573538
69.8935598,1.55239928,2.62851022,2.46573538
69.9036599,1.55239928,2.55566651,2.46573538
69.912603,1.55239928,2.5131842,2.46573538
69.926281,1.52739034,2.44811845,2.46573538
69.9337943,1.33526999,2.46603265,2.46573538
69.9432935,1.33526999,2.39349733,2.46573538
69.9530723,1.52509111,2.33486265,2.46573538
69.9634064,1.52509111,2.29469615,2.46573538
69.9745294,1.52509111,2.21731498,2.46573538
69.9870096,1.52509111,2.19422562,2.46573538
69.9942508,1.52509111,2.15946887,2.1005357
70.0051861,1.52509111,2.12372632,2.1005357
70.0140869,1.86407711,2.13191477,2.1005357
70.0245813,1.86407711,2.07977701,2.1005357
70.0334216,1.86407711,2.05871746,2.1005357
70.0484101,2.16824358,2.04235893,1.87887325
70.0538241,2.16824358,2.02100282,1.87887325
70.0636799,2.26069205,2.05830115,1.87887325
70.0753503,2.26069205,2.08214344,1.87887325
70.0831466,2.26069205,2.1214913,1.87887325
70.0945805,2.26069205,2.17163795,1.77958437
70.1038177,2.4,2.19614933,1.77958437
70.1142425,2.4,2.25368836,1.77958437
70.1236905,2.4,2.29545465,1.77958437
70.1418673,2.4,2.34080786,1.75933909
70.1520244,1.2,2.36125987,1.60381354
70.1589439,1.2,2.4361819,1.60381354
70.1641626,1.2,2.46701762,1.60381354
70.1760276,1.2,2.4986906,1.75747782
70.1895731,1.2,2.52812209,1.75747782
70.2017038,1.2,2.53028747,1.75747782
70.2076831,1.2,2.46093294,1.75747782
70.2137428,1.2,2.38943022,1.75747782
70.2251036,1.2,2.3244384,1.75747782
70.2348271,1.2,2.25589254,2.03189427
70.2438013,1.2,2.22309335,2.03189427
70.2546372,1.2,2.16563067,2.03189427
70.2640175,1.2,2.12124467,2.27812358
70.2728532,1.2,2.08107075,2.27812358
70.2855637,1.2,2.03527677,2.3529626
70.2960882,1.2,1.98593969,2.3529626
70.3067031,1.2,1.93899904,2.3529626
70.313417,1.2,1.8929761,2.3529626
70.3249801,1.2,1.85334819,2.46573538
70.331716,1.2,1.81382225,2.46573538
70.3497792,1.2,1.78468631,2.46573538
70.3642996,1.2,1.72671898,2.46573538
70.3718649,1.2,1.69149185,1.49430957
70.3807781,1.2,1.67097916,1.49430957
70.3878181,1.2,1.63384395,1.49430957
70.3934457,1.2,1.59987512,1.49430957
70.4043123,1.2,1.57504644,1.49430957
70.4151295,1.2,1.55429182,1.49430957
70.4253926,1.2,1.53607105,1.49430957
70.4335775,1.2,1.51480044,1.49430957
70.4452764,1.2,1.49727221,1.49430957
70.4558049,1.2,1.48553901,1.49430957
70.461486,1.2,1.48770142,1.49430957
70.4743356,1.2,1.45955229,1.49430957
70.4829681,1.2,1.48865453,1.49430957
70.4926293,1.2,1.40922392,1.49430957
70.5055315,1.2,1.44418462,1.49430957
70.5151572,1.2,1.45188319,1.49430957
70.5234106,1.2,1.41554989,1.49430957
70.5344753,1.2,1.43004243,1.49430957
70.5470409,1.2,1.38990675,1.49430957
70.5552606,1.2,1.41813375,1.49430957
70.5655368,1.2,1.36796714,1.49430957
70.5752944,1.2,1.41498757,1.49430957
70.5839224,1.35835554,1.42587158,1.49430957
70.5969624,1.35835554,1.40215293,1.49430957
70.6041451,1.35835554,1.46225464,1.49430957
70.614464,1.35835554,1.46775643,1.49430957
70.6218714,1.49535282,1.4872805,1.49430957
70.6325833,1.49535282,1.51841893,1.49430957
70.6462201,1.49535282,1.56214605,1.49430957
70.6531585,1.49535282,1.55523358,1.49430957
70.6642947,1.49535282,1.60907591,1.49430957
70.6749467,1.49535282,1.64617596,1.49430957
70.6821508,1.49535282,1.72560017,1.49430957
70.6977523,1.5985419,1.72492054,1.49430957
70.704928,1.2,1.76338116,1.49430957
70.7129957,1.2,1.7914078,1.49430957
70.7263895,1.2,1.81480599,1.49430957
70.7375789,1.2,1.84839772,1.49430957
70.7456858,1.2,1.86165888,1.49430957
70.7557894,1.2,1.82928103,1.49430957
70.7633536,1.2,1.83732875,1.49430957
70.7733861,1.2,1.82119718,1.49430957
70.784606,1.2,1.81252341,1.49430957
70.7927968,1.2,1.79090146,1.49430957
70.8050028,1.2,1.7461071,1.62250179
70.8118426,1.2,1.70122724,1.62250179
70.825537,1.2,1.6727178,1.62250179
70.8323661,1.2,1.64520336,1.62250179
70.8427473,1.2,1.61322116,1.73340403
70.8630394,1.2,1.5830698,1.73340403
70.8707194,1.2,1.55947476,1.73340403
70.8821986,1.2,1.54026236,1.73340403
70.8901358,1.2,1.53780595,1.73340403
70.8969487,1.2,1.50086734,1.73340403
70.9096962,1.2,1.478646,1.81693781
70.9149197,1.2,1.48482365,1.81693781
70.9301346,1.2,1.48379602,1.49430957
71.955117,1.2,1.51395647,1.49430957
71.9657115,1.2,1.50874842,1.49430957
71.975175,1.2,1.55260646,1.49430957
71.9833746,1.2,1.51927856,1.49430957
71.9940178,1.2,1.55888167,1.49430957
72.0040771,1.2,1.52587728,1.49430957
72.0134292,1.2,1.53729966,1.49430957
72.0283088,1.2,1.53307202,1.49430957
72.0331503,1.2,1.55184879,1.49430957
72.0428658,1.2,1.51888144,1.49430957
72.0541739,1.2,1.56161945,1.49430957
72.0653461,1.2,1.49665541,1.49430957
72.0766983,1.2,1.54773082,1.49430957
72.084041,1.2,1.52373623,1.49430957
72.0929726,1.2,1.51645504,1.49430957
72.1040855,1.2,1.52359233,1.49430957
72.1147197,1.2,1.54683966,1.49430957
72.1245435,1.2,1.50972057,1.49430957
72.1373564,1.2,1.53005739,1.49430957
72.1447558,2.6,1.53320094,1.49430957
72.1544466,2.6,1.53383924,1.49430957
72.1648934,2.6,1.54081424,1.49430957
72.1732919,2.6,1.57100087,1.49430957
72.1833741,2.6,1.6090657,1.49430957
72.1931831,2.6,1.65399799,1.49430957
72.2029802,2.6,1.69758947,1.49430957
72.2123625,2.6,1.74236003,1.49430957
72.2242713,2.6,1.81883759,1.49430957
72.2334756,2.6,1.86960947,1.49430957
72.2425863,2.6,1.91057282,1.49430957
72.2576981,2.6,1.90676126,1.49430957
72.2635999,2.6,2.00580375,1.49430957
72.2720621,2.6,2.03136777,1.49430957
72.2843836,2.6,2.07570215,1.49430957
72.2936686,2.6,2.11616058,1.49430957
72.3039559,2.6,2.17525529,1.49430957
72.3162611,2.6,2.20190665,1.49430957
72.3241599,2.6,2.25744653,1.49430957
72.3334703,2.6,2.30523528,1.49430957
72.3468063,2.24291513,2.34299487,1.49430957
72.352667,2.24291513,2.36996802,1.49430957
72.3644032,2.24291513,2.41358695,2.62763969
72.3722077,2.24291513,2.43851066,2.62763969
72.3836414,2.24291513,2.46087232,2.62763969
72.3948884,1.2,2.48725665,2.62763969
72.4049744,1.2,2.49588793,2.62763969
72.4139385,1.2,2.55017984,2.62763969
72.4237449,1.2,2.51739065,2.62763969
72.4365198,1.2,2.51371241,2.62763969
72.4453018,1.2,2.47559383,2.62763969
72.4537611,1.2,2.38722055,2.62763969
72.4640237,1.2,2.33349493,2.62763969
72.4748849,1.2,2.26604371,2.62763969
72.4861924,1.2,2.21634959,2.62763969
72.4947381,1.2,2.19076565,2.62763969
72.5034693,1.2,2.13013246,2.62763969
72.5153047,1.2,2.0642329,2.62763969
72.5217159,1.2,2.04828689,2.62763969
72.5339998,1.2,2.00949128,2.62763969
72.5435107,1.2,1.97644708,2.62763969
72.5562666,1.2,1.90863006,2.62763969
72.5655224,1.2,1.85175257,2.3385718
72.5733143,1.2,1.84008149,2.3385718
72.5821201,1.2,1.79411691,2.3385718
72.5943174,1.2,1.72290848,2.3385718
72.6041281,1.2,1.68996875,1.93087582
72.6154273,1.2,1.62838012,1.49430957
72.6233042,1.2,1.65664609,1.49430957
72.6332524,1.2,1.58757613,1.49430957
72.6439624,1.2,1.56677518,1.49430957
72.6552666,1.2,1.58594901,1.49430957
72.6630542,1.2,1.53878607,1.49430957
72.6745101,1.2,1.49158537,1.49430957
72.6843457,1.2,1.49916744,1.49430957
72.6925064,1.2,1.48542285,1.49430957
72.7044138,1.2,1.46674214,1.49430957
72.714098,1.2,1.4204447,1.49430957
72.7260089,1.2,1.4493023,1.49430957
72.7326444,1.2,1.45929033,1.49430957
72.7429875,1.2,1.41601496,1.49430957
72.7548988,1.2,1.44599399,1.49430957
72.7663789,1.2,1.41449054,1.49430957
72.7758652,1.2,1.40233851,1.49430957
72.7859303,1.2,1.41159426,1.49430957
72.7928979,1.2,1.41661616,1.49430957
72.8040527,1.2,1.42721142,1.49430957
72.8146368,1.2,1.44239382,1.49430957
72.8236397,1.2,1.45134976,1.49430957
72.8336304,1.2,1.45966109,1.49430957
72.8439502,1.2,1.46367516,1.49430957
72.8533984,1.2,1.47522783,1.49430957
72.8632831,1.2,1.53067317,1.49430957
72.8751626,1.2,1.51159645,1.49430957
72.8878799,1.2,1.51865681,1.49430957
72.8940887,1.2,1.50593149,1.49430957
72.9039174,1.2,1.53409738,1.49430957
72.9121372,1.2,1.54918835,1.49430957
72.9230361,1.2,1.54917122,1.49430957
72.9337118,1.2,1.56591685,1.49430957
72.9421783,1.2,1.54120109,1.49430957
72.9531663,1.2,1.56467993,1.49430957
72.9646314,1.2,1.54344851,1.49430957
72.9735301,1.2,1.57066345,1.49430957
72.9858682,1.2,1.55609991,1.49430957
72.9947901,1.2,1.56616565,1.49430957
73.0082121,1.2,1.54951095,1.49430957
73.0172027,1.2,1.57513665,1.49430957
73.0299114,1.2,1.57180739,1.49430957
73.0372189,1.2,1.5605674,1.49430957
73.0463194,1.2,1.56860216,1.49430957
73.0537541,1.2,1.55977927,1.49430957
73.0640058,1.2,1.5433577,1.49430957
73.076781,1.2,1.55339585,1.49430957
73.0884982,1.2,1.53971185,1.49430957
73.0968853,1.2,1.58474004,1.49430957
73.1041298,1.2,1.54928189,1.49430957
73.1145007,1.2,1.55969887,1.49430957
73.1372916,1.2,1.54879312,1.49430957
73.1437022,1.2,1.5517765,1.49430957
73.1488133,1.2,1.54674648,1.49430957
73.1568281,1.2,1.52880735,1.49430957
73.1656505,1.2,1.53331411,1.49430957
73.1742036,1.2,1.57788825,1.49430957
73.186905,1.2,1.55375172,1.49430957
73.1987687,1.2,1.53867595,1.49430957
73.2054499,1.2,1.54334572,1.49430957
73.2142841,1.2,1.55410246,1.49430957
73.2244684,1.2,1.53938156,1.49430957
73.2316365,1.2,1.53828679,1.49430957
73.2436961,2.14521448,1.5520736,1.49430957
73.2541404,2.14521448,1.5290047,1.49430957
73.2639384,2.14521448,1.54032737,1.49430957
73.2747752,2.6,1.59428309,1.49430957
73.2829522,2.6,1.63383605,1.49430957
73.2922384,2.6,1.6775332,1.49430957
73.3065016,2.6,1.71887316,1.49430957
73.3125413,2.6,1.76962585,1.49430957
73.3224928,2.6,1.82129332,1.49430957
73.3344135,1.73261775,1.87215198,1.49430957
73.3426129,1.2,1.91746133,1.49430957
73.3550506,1.2,1.97045301,1.49430957
73.3637008,1.2,2.01148494,1.49430957
73.3759334,1.2,2.00501054,1.49430957
73.3862354,1.2,1.95954064,1.49430957
73.3956844,1.2,1.90281081,1.49430957
73.4035707,1.2,1.83756521,1.49430957
73.4126581,1.2,1.79296128,1.49430957
73.4239917,1.2,1.76208949,1.49430957
73.4341045,1.2,1.71922411,1.49430957
73.4444424,1.2,1.69836799,1.49430957
73.4556132,1.2,1.64655507,1.49430957
73.4650609,1.2,1.6205979,2.25948102
73.4737438,1.2,1.60951482,2.25948102
73.48486,1.2,1.54886061,2.25948102
73.4953375,1.2,1.55270883,2.62763969
73.5039643,1.2,1.58010998,2.62763969
73.5137717,1.2,1.48471445,2.62763969
73.5239821,1.2,1.51271136,2.62763969
73.5346943,1.2,1.48810512,2.62763969
73.5468404,1.2,1.47576232,2.62763969
73.5532836,1.2,1.46329128,1.9254751
73.5636865,1.2,1.44386148,1.49430957
73.5729249,1.2,1.4417314,1.49430957
73.5838698,1.2,1.42777428,1.49430957
73.5944633,1.2,1.42650432,1.49430957
73.6050836,1.2,1.41385322,1.49430957
73.6143952,1.2,1.40771695,1.49430957
73.624339,1.2,1.40160699,1.49430957
73.6351464,1.2,1.38095527,1.49430957
73.6432748,1.2,1.43001088,1.49430957
73.6539001,1.2,1.41454567,1.49430957
73.6624184,1.2,1.42559281,1.49430957
73.6734122,1.2,1.43032864,1.49430957
73.6856688,1.2,1.42293238,1.49430957
73.6949376,1.2,1.48014328,1.49430957
73.7025978,1.2,1.4511669,1.49430957
73.7135237,1.2,1.48074653,1.49430957
73.7252981,1.2,1.50201842,1.49430957
73.7375086,1.2,1.51814465,1.49430957
73.7465128,1.2,1.51991527,1.49430957
73.7580142,1.2,1.5183074,1.49430957
73.764676,1.2,1.53112829,1.49430957
73.775655,1.2,1.53811505,1.49430957
73.7828297,1.2,1.54301058,1.49430957
73.7928599,1.2,1.55357768,1.49430957
73.8031051,1.2,1.5431492,1.49430957
73.8190195,1.2,1.54669532,1.49430957
73.8274526,1.2,1.58070017,1.49430957
73.834876,1.2,1.55937266,1.49430957
73.844191,1.2,1.56776476,1.49430957
73.8529267,1.2,1.55272238,1.49430957
73.8651659,1.2,1.56366386,1.49430957
73.8746663,1.2,1.56486834,1.49430957
73.8842439,1.2,1.55191561,1.49430957
73.8938803,1.2,1.54097368,1.49430957
73.9048292,1.2,1.55444141,1.49430957
73.9137973,1.2,1.54837443,1.49430957
73.9220846,1.2,1.55113235,1.49430957
73.9358824,1.2,1.54146884,1.49430957
73.9484963,1.2,1.56338625,1.49430957
73.9602172,1.2,1.55816196,1.49430957
73.9711247,1.2,1.54804735,1.49430957
73.9792897,1.2,1.54175949,1.49430957
73.9892619,1.2,1.5398921,1.49430957
73.99464,1.2,1.54018594,1.49430957
74.0086494,1.2,1.53991814,1.49430957
74.0163349,1.2,1.54842112,1.49430957
74.0279039,1.2,1.53947423,1.49430957
74.04199,1.2,1.54378679,1.49430957
74.0513923,1.2,1.54774556,1.49430957
74.0594752,1.2,1.54125463,1.49430957
74.0661098,1.2,1.54597857,1.49430957
74.0738022,1.2,1.54956397,1.49430957
74.0835878,1.2,1.57449414,1.49430957
74.1009335,1.2,1.51917312,1.49430957
74.1061729,1.2,1.57333007,1.49430957
74.1151663,1.2,1.52651162,1.49430957
74.1253522,1.2,1.56617732,1.49430957
74.1367274,1.2,1.54979683,1.49430957
74.1441073,1.2,1.50819772,1.49430957
74.1556457,1.2,1.53815772,1.49430957
74.1656022,1.2,1.53600707,1.49430957
74.171364,1.2,1.5405887,1.49430957
74.1850839,1.2,1.55085676,1.49430957
74.1942006,1.2,1.53904523,1.49430957
74.2074165,1.2,1.54749583,1.49430957
74.2167123,1.2,1.543895,1.49430957
74.2268686,1.2,1.54117935,1.49430957
74.2360312,1.2,1.55223382,1.49430957
74.2477137,1.2,1.53199478,1.49430957
74.2582279,1.2,1.535134,1.49430957
74.2652514,1.2,1.55095697,1.49430957
74.2728605,1.2,1.54365358,1.49430957
74.2841082,1.2,1.55294014,1.49430957
74.2965903,1.2,1.5161634,1.49430957
74.3053275,1.2,1.54767175,1.49430957
74.3146066,1.2,1.54797374,1.49430957
74.3253611,1.2,1.54908474,1.49430957
74.3357724,1.2,1.53837369,1.49430957
74.3448657,1.2,1.5363657,1.49430957
74.3632744,1.2,1.53567862,1.49430957
74.3685232,1.2,1.54820895,1.49430957
74.3742367,1.2,1.54764305,1.49430957
74.3836381,1.2,1.56327136,1.49430957
74.396502,1.2,1.53241945,1.49430957
74.4037104,1.2,1.51372611,1.49430957
74.4124536,1.2,1.53809741,1.49430957
74.4285741,1.2,1.53686015,1.49430957
74.4372343,1.2,1.50630901,1.49430957
74.4475681,1.2,1.53080548,1.49430957
74.4606092,1.2,1.54617519,1.49430957
74.4700148,1.2,1.54022173,1.49430957
74.4785128,1.2,1.52138828,1.49430957
74.486263,1.2,1.53048684,1.49430957
74.4946138,1.2,1.55219311,1.49430957
74.5038139,1.2,1.49729048,1.49430957
74.5134308,1.2,1.53526372,1.49430957
74.523885,1.2,1.53714588,1.49430957
74.535292,1.2,1.54554423,1.49430957
74.5428298,1.2,1.53231235,1.49430957
74.5540274,1.2,1.54496076,1.49430957
74.5645883,1.2,1.52863941,1.49430957
74.5735481,1.2,1.55641251,1.49430957
74.5847443,1.2,1.53679747,1.49430957
74.5970037,1.2,1.53755598,1.49430957
74.6059136,1.2,1.52541351,1.49430957
74.6116603,1.2,1.54519437,1.49430957
74.6240819,1.2,1.55310283,1.49430957
74.6325116,1.2,1.55496424,1.49430957
74.6430913,1.2,1.53136744,1.49430957
74.6537564,1.2,1.55862511,1.49430957
74.6629253,1.2,1.53691384,1.49430957
74.6743377,1.2,1.53585275,1.49430957
74.6828957,1.2,1.53383068,1.49430957
74.6932965,1.2,1.52921981,1.49430957
74.7038972,1.2,1.53514973,1.49430957
74.7137768,1.2,1.54142495,1.49430957
74.728029,1.2,1.54499563,1.49430957
74.7353186,1.2,1.53863484,1.49430957
74.7448521,1.2,1.54600498,1.49430957
74.7531321,1.2,1.53669859,1.49430957
74.7625799,1.2,1.54279625,1.49430957
74.7712769,1.2,1.54720568,1.49430957
74.7825917,1.2,1.51212352,1.49430957
74.7935465,1.2,1.5426787,1.49430957
74.8036339,1.2,1.54093185,1.49430957
74.8124335,1.2,1.54597749,1.49430957
74.8223666,1.2,1.55819238,1.49430957
74.8356481,1.2,1.53203591,1.49430957
74.8444143,1.2,1.53052612,1.49430957
74.8533816,1.2,1.54366503,1.49430957
74.8633706,1.2,1.53799155,1.49430957
74.8741844,1.2,1.50530089,1.49430957
74.8849267,1.89602911,1.52943744,1.49430957
74.8938663,2.10292081,1.54314158,1.49430957
74.9028391,2.10292081,1.55535639,1.49430957
74.9215318,2.10292081,1.55579273,1.49430957
74.9295532,2.6,1.55599887,1.49430957
74.9362703,2.6,1.62821955,1.49430957
74.9431766,2.6,1.62893119,1.49430957
74.953462,2.6,1.72195447,1.49430957
74.9641355,2.6,1.7704543,1.49430957
74.9748666,2.6,1.84217603,1.49430957
74.9869555,2.6,1.8673475,1.49430957
74.992586,2.6,1.90984057,1.49430957
75.0056427,2.6,1.95600868,1.49430957
75.0169972,2.6,2.01065246,1.49430957
75.0242132,2.6,2.07361464,1.49430957
75.0330071,2.6,2.1116053,1.49430957
75.0425677,2.6,2.17433309,1.49430957
75.0535153,2.6,2.18845712,1.49430957
75.0661664,2.6,2.23931244,1.49430957
75.0732819,2.6,2.30804131,1.49430957
75.0853512,2.6,2.33622164,1.49430957
75.0953518,2.6,2.36374,1.49430957
75.1029495,2.6,2.42324761,2.05776011
75.1125245,2.6,2.45961472,2.22524339
75.1231343,2.6,2.506765,2.22524339
75.1346,2.6,2.53484102,2.22524339
75.1441731,2.6,2.56409151,2.22524339
75.1544333,2.6,2.60836103,2.62763969
75.1664125,2.6,2.67769542,2.62763969
75.1749047,2.6,2.69651054,2.62763969
75.1832887,2.6,2.75865008,2.62763969
75.1952406,2.6,2.78312192,2.62763969
75.2031883,2.6,2.81413346,2.62763969
75.2115843,2.6,2.86048675,2.62763969
75.2224258,2.6,2.90256898,2.62763969
75.2316136,2.6,2.95110398,2.62763969
75.2425859,2.6,2.99139673,2.62763969
75.2558433,2.44140152,3.0122542,2.62763969
75.2667204,2.44140152,3.07461719,2.62763969
75.2726947,2.44140152,3.03902095,2.62763969
75.2834278,2.44140152,3.13041857,2.62763969
75.2931584,2.44140152,3.06460978,2.62763969
75.3039998,2.0861966,3.14436766,2.62763969
75.3136758,2.0861966,3.13722306,2.62763969
75.3218801,2.0861966,3.17183843,2.62763969
75.3346634,1.79506036,3.15547552,2.62763969
75.345126,1.79506036,3.14205885,2.62763969
75.3537824,1.79506036,3.12717794,2.62763969
75.3650769,1.79506036,3.07762584,2.62763969
75.3730558,1.79506036,3.03819354,2.62763969
75.3850995,1.58611988,2.97426604,2.62763969
75.3936331,1.64302389,2.93987119,2.62763969
75.4023899,1.64302389,2.88173001,2.62763969
75.413985,1.64302389,2.83865779,2.62763969
75.4238792,1.64302389,2.78565932,2.62763969
75.432747,1.43814989,2.74300527,2.62763969
75.4441399,1.43814989,2.68677243,2.62763969
75.4542384,1.43814989,2.6550636,2.62763969
75.4629543,1.29764519,2.61376935,2.62763969
75.4736881,1.29764519,2.50211155,2.49925081
75.4844186,1.27209975,2.49884436,2.49925081
75.4956401,1.27209975,2.44954566,2.49925081
75.5060366,1.27209975,2.39483638,2.49925081
75.5159228,1.27209975,2.36108573,2.49925081
75.5284342,1.2,2.2921629,2.21170478
75.5355528,1.44288551,2.22139446,2.21170478
75.5451935,1.44288551,2.21610344,2.21170478
75.5531204,1.44288551,2.16415934,1.97602373
75.566526,1.46917377,2.11451865,1.97602373
75.5744391,1.46917377,2.08042891,1.97602373
75.5873128,1.46917377,2.05613492,1.97602373
75.5937706,1.46917377,2.01220166,1.97602373
75.6044276,1.51096374,2.04262248,1.80688192
75.6135725,1.51096374,2.02044491,1.85294694
75.6230323,1.51096374,2.0007819,1.85294694
75.6342711,1.51096374,1.99664045,1.85294694
75.6424253,1.54929185,1.99969763,1.85294694
75.6552321,1.55898879,1.96119057,1.68709703
75.6637917,1.55898879,1.9604116,1.68709703
75.6760245,1.55898879,1.94388601,1.68709703
75.6833436,1.55898879,1.92481429,1.57335545
75.6958058,1.60972399,1.95867956,1.57335545
75.7052698,1.60972399,1.90117512,1.55267587
75.7135641,1.60972399,1.92048377,1.55267587
75.7229535,1.60972399,1.93352508,1.55267587
75.7341678,1.60972399,1.92145734,1.55267587
75.7437886,1.69028585,1.92005297,1.49430957
75.7531894,1.69028585,1.934115,1.49430957
75.7621371,1.69028585,1.92593722,1.69093061
75.7738226,1.69028585,1.97647831,1.69093061
75.7840033,1.84281152,2.0125668,1.71221152
75.7956128,1.84281152,2.08111096,1.71221152
75.804647,1.84281152,2.05399856,1.71221152
75.8139518,1.84281152,2.09001024,1.74604141
75.8243733,1.96799143,2.14568127,1.74604141
75.8342664,1.96799143,2.14567591,1.74604141
75.8431661,1.2,2.20860601,1.74604141
75.8557724,1.2,2.2197479,1.77706884
75.8641946,1.2,2.25622399,1.77706884
75.8718533,1.2,2.2501195,1.78491872
75.8845258,1.2,2.26619814,1.78491872
75.8920043,1.2,2.1823663,1.78491872
75.9080376,1.2,2.05847955,1.78491872
75.9138141,1.2,2.04574559,1.82598995
75.9244078,1.2,1.97600382,1.82598995
75.9396948,1.2,2.03121366,1.82598995
75.950493,1.2,1.90339749,1.82598995
75.9600482,1.2,1.88544542,1.89120651
75.96513,1.23618951,1.84301931,1.89120651
75.9722895,1.23618951,1.81045061,1.89120651
75.9845856,1.23618951,1.76850108,1.89120651
75.9931938,1.23618951,1.73504694,1.89120651
76.0075828,1.35042621,1.72852689,2.01467933
76.0164945,1.4381018,1.69323717,2.01467933
76.0228497,1.4381018,1.65026941,2.01467933
76.0361749,1.4381018,1.69153947,2.01467933
76.046034,1.4381018,1.62684146,2.11601516
76.0538479,1.6535982,1.67531802,2.11601516
76.0663437,1.6535982,1.68312177,1.49430957
76.0739225,1.6535982,1.58970217,1.49430957
76.0915298,1.6535982,1.62689321,1.49430957
76.1020456,1.92102278,1.69897289,1.49430957
76.1117912,1.92102278,1.75728582,1.49430957
76.1192176,1.92102278,1.77035017,1.49430957
76.1246603,1.92102278,1.83903952,1.49430957
76.1353894,2.36677291,1.8302293,1.49430957
76.1441761,2.36677291,1.89229812,1.49430957
76.1539938,2.36677291,1.93727624,1.49430957
76.1630408,2.36677291,1.98736657,1.49430957
76.1756926,2.36677291,2.03209679,1.49430957
76.187937,2.6,2.08286058,1.52360575
76.1928127,2.6,2.11362419,1.52360575
76.2048489,2.00659748,2.17479698,1.52360575
76.213216,2.00659748,2.22640943,1.52360575
76.2220016,2.00659748,2.25852753,1.61608282
76.2342256,2.00659748,2.27102515,1.6870581
76.2464441,2.6,2.26619121,1.6870581
76.2534607,2.6,2.40070779,1.6870581
76.2630532,2.6,2.32836464,1.6870581
76.2723161,2.6,2.31674096,1.86150707
76.2832737,2.6,2.41503362,1.86150707
76.2913592,0,2.44861608,1.86150707
76.3040736,0,2.41257179,1.86150707
76.3124033,0,2.53514051,1.86150707
76.3225157,0,2.53782491,2.07799302
76.3338286,0,2.58122583,2.07799302
76.3499896,0,2.53033163,2.07799302
76.3601818,0,2.50102953,2.43883734
76.3729959,0,2.41812056,2.43883734
76.3873311,0,2.39778716,2.43883734
76.3918558,0,2.32448245,2.43883734
76.3918625,0,2.28004901,2.43883734
76.4016964,-0.3,2.22901928,2.43883734
76.4138444,-0.3,2.17805013,2.62763969
76.4229433,-0.3,2.13914956,2.14726758
76.4336444,-0.3,2.0760614,2.14726758
76.44595,-0.3,2.03187696,2.14726758
76.4549297,-0.3,1.9758388,2.62763969
76.5126414,-0.3,1.92472073,0.522883756
76.5251382,-0.3,1.8678619,0.522883756
76.5251462,-0.3,1.81122616,0.522883756
76.5251502,-0.3,1.76836031,0.522883756
76.5251535,-0.3,1.70061634,0.522883756
76.5251567,-0.3,1.65787082,0.522883756
76.5339224,-0.3,1.61691488,0.522883756
76.5394052,-0.3,1.54937769,0.522883756
76.5449435,-0.3,1.5025512,0.522883756
76.553289,-0.3,1.39575833,0.522883756
76.5635245,-0.3,1.44009215,0.522883756
76.5717956,-0.3,1.32140435,0.522883756
76.5920382,-0.3,1.25023916,0.522883756
76.6000502,-0.3,1.23141621,0.522883756
76.6088873,-0.3,1.20547678,0.522883756
76.6155142,-0.3,1.08125098,0.522883756
76.6254776,-0.3,1.06274642,0.280027302
76.6332833,-0.3,1.02187495,0.280027302
76.6448728,-0.3,0.991798712,0.280027302
76.6547957,-0.3,0.913487634,0.280027302
76.6689109,-0.3,0.906222658,0.280027302
76.6761597,-0.3,0.800232454,0.280027302
76.6992093,-0.3,0.800808953,0.280027302
76.7069571,-0.3,0.749689337,0.280027302
76.7160263,-0.3,0.665939515,0.280027302
76.7256138,-0.3,0.644034465,0.280027302
76.7337396,-0.3,0.582683554,0.280027302
76.7433029,-0.3,0.524239544,0.280027302
79.8819756,1.2,1.54813472,1.49430957
79.8916248,1.2,1.5406024,1.49430957
79.9024686,1.2,1.57913868,1.49430957
79.9129825,1.2,1.51739567,1.49430957
79.9236819,1.2,1.55791447,1.49430957
79.9339971,1.2,1.52437532,1.49430957
79.9416288,1.2,1.52416436,1.49430957
79.9548648,1.2,1.53473394,1.49430957
79.9631375,1.2,1.52091052,1.49430957
79.9738782,1.2,1.51944597,1.49430957
79.9832217,1.2,1.50958187,1.49430957
79.9970049,1.2,1.54334067,1.49430957
80.0058424,1.2,1.50333647,1.49430957
80.0150638,1.2,1.54480401,1.49430957
80.0306473,2.8,1.53542277,1.49430957
80.037036,2.8,1.53752052,1.49430957
80.0434797,2.8,1.5370147,1.49430957
80.0547536,2.8,1.54256875,1.49430957
80.0646924,2.8,1.58939197,1.49430957
80.0763288,2.8,1.62666328,1.49430957
80.0821771,2.8,1.6662922,1.49430957
80.0930591,2.8,1.7309744,1.49430957
80.1032366,2.8,1.79015947,1.49430957
80.1139284,2.8,1.83495199,1.49430957
80.12396,2.8,1.88319282,1.49430957
80.1361726,2.8,1.88796816,1.49430957
80.1438417,2.8,1.95099046,1.49430957
80.1532473,2.8,2.00004243,1.49430957
80.1659759,2.8,2.0460311,1.49430957
80.1735345,2.8,2.1215077,1.49430957
80.1864639,2.8,2.15106382,1.49430957
80.1947408,2.8,2.21773351,1.49430957
80.2056961,2.8,2.24194984,1.49430957
80.2150079,2.8,2.26549081,1.49430957
80.2247978,2.8,2.29154854,1.49430957
80.2332454,2.26879146,2.36424094,1.49430957
80.2444325,2.26879146,2.40131353,1.49430957
80.2527654,2.26879146,2.43469953,2.78954399
80.2637598,2.26879146,2.46268563,2.78954399
80.2760704,1.7331289,2.47667152,2.78954399
80.2865722,1.2,2.47375611,2.78954399
80.2957086,1.2,2.47160547,2.78954399
80.3047763,1.2,2.47785787,2.78954399
80.3161787,1.2,2.48735659,2.78954399
80.3258218,1.2,2.41779719,2.78954399
80.3328837,1.2,2.38557601,2.78954399
80.3443737,1.2,2.32564553,2.78954399
80.3557543,1.2,2.25760585,2.78954399
80.3637107,1.2,2.18027102,2.78954399
80.3739507,1.2,2.15027887,2.78954399
80.3815758,1.2,2.09492703,2.78954399
80.3941378,1.2,2.07772399,2.78954399
80.4054584,1.2,2.00476574,2.78954399
80.4139611,1.2,1.93181674,2.78954399
80.4276798,1.2,1.95256503,2.78954399
80.4349995,1.2,1.92545983,2.78954399
80.443288,1.2,1.83982922,2.78954399
80.4538254,1.2,1.80948999,2.35951925
80.4691198,1.2,1.76931122,2.35951925
80.4761101,1.2,1.77437775,2.35951925
80.4836919,1.2,1.70621749,2.35951925
80.4957354,1.2,1.66303893,2.35951925
80.5028718,1.2,1.61923667,1.49430957
80.5151859,1.2,1.57714336,1.49430957
80.5241304,1.2,1.5942972,1.49430957
80.5314761,1.2,1.49234014,1.49430957
80.5443435,1.2,1.54299458,1.49430957
80.5526565,1.2,1.50874815,1.49430957
80.5621644,1.2,1.49162314,1.49430957
80.5731983,1.2,1.48703608,1.49430957
80.5831576,1.2,1.45489334,1.49430957
80.5964615,1.2,1.47899178,1.49430957
80.6043641,1.2,1.43543856,1.49430957
80.6163288,1.2,1.41137537,1.49430957
80.6248299,1.2,1.4224928,1.49430957
80.6363696,1.2,1.44341846,1.49430957
80.6435793,1.2,1.42646832,1.49430957
80.6558045,1.2,1.42236674,1.49430957
80.6654976,1.2,1.38517772,1.49430957
80.6730191,1.2,1.40378428,1.49430957
80.6924393,1.2,1.45068695,1.49430957
80.7025068,1.2,1.41882311,1.49430957
80.7098114,1.2,1.43603038,1.49430957
80.7192423,1.2,1.46480955,1.49430957
80.7263825,1.2,1.48197455,1.49430957
80.7327724,1.2,1.49499024,1.49430957
80.7426632,1.2,1.50998788,1.49430957
80.7541666,1.2,1.50944272,1.49430957
80.7680301,1.2,1.52202104,1.49430957
80.7759977,1.2,1.52991009,1.49430957
80.782068,1.2,1.53271772,1.49430957
80.796496,1.2,1.54918647,1.49430957
80.8048094,1.2,1.54437179,1.49430957
80.8106547,1.2,1.54672041,1.49430957
80.8257638,1.2,1.53544093,1.49430957
80.8356568,1.2,1.56526653,1.49430957
80.8457858,1.2,1.5663873,1.49430957
80.8532179,1.2,1.56490663,1.49430957
80.8633342,1.2,1.56945702,1.49430957
80.8735861,1.2,1.54949897,1.49430957
80.8827014,1.2,1.52506176,1.49430957
80.8931476,1.2,1.5437544,1.49430957
80.9039815,1.2,1.5681641,1.49430957
80.9135239,1.2,1.54900121,1.49430957
80.927875,1.2,1.54291644,1.49430957
80.9342829,1.2,1.58848935,1.49430957
80.9458213,1.2,1.54055909,1.49430957
80.9530728,1.2,1.55420057,1.49430957
80.9662748,1.2,1.56526065,1.49430957
80.9735118,1.2,1.56744857,1.49430957
80.9826908,1.2,1.5589199,1.49430957
80.995375,1.2,1.53652672,1.49430957
81.0043607,1.2,1.5567643,1.49430957
81.0145632,1.2,1.54141733,1.49430957
81.0229817,1.2,1.55246934,1.49430957
81.0337389,1.2,1.55512798,1.49430957
81.044083,1.2,1.54486509,1.49430957
81.0542649,1.2,1.54407156,1.49430957
81.0659706,1.2,1.52478566,1.49430957
81.0738373,1.2,1.5441257,1.49430957
81.0827244,1.2,1.54185196,1.49430957
81.0930686,1.2,1.55808665,1.49430957
81.1043607,1.2,1.55231193,1.49430957
81.1154467,1.2,1.55084062,1.49430957
81.1231469,1.2,1.53608942,1.49430957
81.1343553,1.2,1.54864517,1.49430957
81.1432143,1.2,1.54574395,1.49430957
81.1532347,1.2,1.54781129,1.49430957
81.1640103,1.2,1.54118794,1.49430957
81.1740704,1.2,1.53607877,1.49430957
81.1822694,2.8,1.54672662,1.49430957
81.193822,2.8,1.55754165,1.49430957
81.2050517,2.8,1.56958903,1.49430957
81.2137806,2.8,1.59768049,1.49430957
81.227317,2.8,1.63680947,1.49430957
81.2408121,1.2,1.66772832,1.49430957
81.2489242,1.2,1.73623044,1.49430957
81.2540951,1.2,1.81039116,1.49430957
81.2639772,1.2,1.83733668,1.49430957
81.2738561,1.2,1.87454013,1.49430957
81.2843554,1.2,1.87574861,1.49430957
81.2944458,1.2,1.84276975,1.49430957
81.3028949,1.2,1.79012459,1.49430957
81.3199848,1.2,1.68683037,1.49430957
81.3260059,1.2,1.68900035,1.49430957
81.3378605,1.2,1.64949373,1.49430957
81.3506268,1.2,1.5792369,1.49430957
81.3645447,1.2,1.59398158,1.49430957
81.3722498,1.2,1.54134185,1.49430957
81.381089,1.2,1.55123731,1.49430957
81.3937101,1.2,1.50863706,1.49430957
81.3991871,1.2,1.50839043,2.78954399
81.4064954,1.2,1.47485959,2.78954399
81.4147829,1.2,1.48351772,2.78954399
81.4250607,1.2,1.47859056,2.78954399
81.4414365,1.2,1.45233908,2.78954399
81.4561588,1.2,1.47869523,1.49430957
81.4562009,1.2,1.44031194,1.49430957
81.4627549,1.2,1.44214961,1.49430957
81.4738097,1.2,1.4352533,1.49430957
81.4848429,1.2,1.40461688,1.49430957
81.4951976,1.2,1.45104894,1.49430957
81.504786,1.2,1.40540423,1.49430957
81.5144994,1.2,1.4098423,1.49430957
81.5302539,1.2,1.40602185,1.49430957
81.5390701,1.2,1.3807164,1.49430957
81.5476717,1.2,1.41079631,1.49430957
81.5565369,1.2,1.46003696,1.49430957
81.5644296,1.2,1.4614048,1.49430957
81.5742733,1.2,1.459661,1.49430957
81.5843872,1.2,1.47065117,1.49430957
81.5922454,1.2,1.51105253,1.49430957
81.6040102,1.2,1.49634169,1.49430957
81.6141562,1.2,1.51643827,1.49430957
81.6234331,1.2,1.52091651,1.49430957
81.6350084,1.2,1.49812017,1.49430957
81.6446173,1.2,1.53363183,1.49430957
81.6539704,1.2,1.54703407,1.49430957
81.6626736,1.2,1.54590358,1.49430957
81.6715993,1.2,1.55800707,1.49430957
81.6830669,1.2,1.56623744,1.49430957
81.6944087,1.2,1.57739221,1.49430957
81.7032924,1.2,1.57875791,1.49430957
81.7122022,1.2,1.56723287,1.49430957
81.7232985,1.2,1.57081611,1.49430957
81.732934,1.2,1.57148694,1.49430957
81.7448288,1.2,1.57612976,1.49430957
81.7541434,1.2,1.57119367,1.49430957
81.7637754,1.2,1.56768934,1.49430957
81.7717815,1.2,1.59324917,1.49430957
81.7834377,1.2,1.55145761,1.49430957
81.7952157,1.2,1.55931627,1.49430957
81.8025336,1.2,1.56369003,1.49430957
81.8119608,1.2,1.56218345,1.49430957
81.8248847,1.2,1.54564421,1.49430957
81.8347765,1.2,1.57339501,1.49430957
81.8449339,1.2,1.54806052,1.49430957
81.856316,1.2,1.57949527,1.49430957
81.8652294,1.2,1.54160006,1.49430957
81.877483,1.2,1.53283821,1.49430957
81.8901299,1.2,1.56288559,1.49430957
81.8975251,1.2,1.53708305,1.49430957
81.9083578,1.2,1.55558846,1.49430957
81.9180696,1.2,1.55621889,1.49430957
81.9276345,1.2,1.56368956,1.49430957
81.9342586,1.2,1.55357133,1.49430957
81.9500687,1.2,1.55405904,1.49430957
81.9550086,1.2,1.55936037,1.49430957
81.9651762,1.2,1.54252512,1.49430957
81.9720606,1.2,1.5606938,1.49430957
81.9831012,1.2,1.54634901,1.49430957
81.9940672,1.2,1.55463035,1.49430957
82.004188,1.2,1.54684683,1.49430957
82.012797,1.2,1.56023831,1.49430957
82.0246568,1.2,1.55616546,1.49430957
82.0347682,1.2,1.56073209,1.49430957
82.0438261,1.2,1.56145195,1.49430957
82.0514048,1.2,1.51617428,1.49430957
82.0619294,1.2,1.55348668,1.49430957
82.0729789,1.2,1.54841551,1.49430957
82.0843853,1.2,1.55333498,1.49430957
82.0921739,1.2,1.55432489,1.49430957
82.103983,1.2,1.54813361,1.49430957
82.1122651,1.2,1.54622688,1.49430957
82.1225373,1.2,1.54522649,1.49430957
82.1363245,1.2,1.55165399,1.49430957
82.1449146,1.2,1.54242911,1.49430957
82.1533143,1.2,1.55070132,1.49430957
82.1640133,1.2,1.56016561,1.49430957
82.1756257,1.2,1.55499828,1.49430957
82.1841306,1.2,1.5270795,1.49430957
82.197617,1.2,1.55024635,1.49430957
82.2039507,1.2,1.52930761,1.49430957
82.2133951,1.2,1.52857413,1.49430957
82.2223898,1.2,1.52993963,1.49430957
82.2337699,1.2,1.53125593,1.49430957
82.2450959,1.2,1.53501625,1.49430957
82.2542472,1.2,1.55427599,1.49430957
82.2616902,1.2,1.52920486,1.49430957
82.2723772,1.2,1.54755397,1.49430957
82.2821855,1.2,1.54903104,1.49430957
82.2933999,1.2,1.55323075,1.49430957
82.3025448,1.2,1.52641959,1.49430957
82.3169096,1.2,1.5092368,1.49430957
82.3254427,1.2,1.52876619,1.49430957
82.3329464,1.2,1.50880906,1.49430957
82.3428106,1.2,1.54690248,1.49430957
82.3528823,1.2,1.53692215,1.49430957
82.3628738,1.2,1.56090501,1.49430957
82.374177,1.2,1.54861194,1.49430957
82.3826647,1.2,1.54882378,1.49430957
82.3925629,1.2,1.53982615,1.49430957
82.4064451,1.2,1.54228515,1.49430957
82.4143366,1.2,1.54840976,1.49430957
82.4264667,1.2,1.54204081,1.49430957
82.4385358,1.2,1.53258261,1.49430957
82.4517901,1.2,1.5208103,1.49430957
82.4618195,1.2,1.56977236,1.49430957
82.4703811,1.2,1.53488509,1.49430957
82.4739358,1.2,1.54708801,1.49430957
82.4846032,1.2,1.51666756,1.49430957
82.4940362,1.2,1.55911975,1.49430957
82.5056506,1.2,1.53645123,1.49430957
82.5153487,1.2,1.54473747,1.49430957
82.5230436,1.2,1.53610421,1.49430957
82.5385463,1.2,1.54288759,1.49430957
82.549019,1.2,1.53776039,1.49430957
82.556335,1.2,1.52784991,1.49430957
82.5663914,1.2,1.53364546,1.49430957
82.5732046,1.2,1.52760591,1.49430957
82.583298,1.2,1.5364463,1.49430957
82.6321233,1.2,1.53059999,1.49430957
82.6321506,1.2,1.53943576,1.49430957
82.6321926,1.2,1.54613521,1.49430957
82.6322229,1.2,1.55196545,1.49430957
82.6370137,1.2,1.53344449,1.49430957
82.6483116,1.2,1.54543844,1.49430957
82.6567213,1.2,1.51863652,1.49430957
82.6668434,1.2,1.54493988,1.49430957
82.6735503,1.2,1.5315213,1.49430957
82.6838674,1.2,1.51094516,1.49430957
82.6945929,1.2,1.53313264,1.49430957
82.7037424,1.2,1.53992026,1.49430957
82.712986,1.2,1.53671291,1.49430957
82.7242012,1.2,1.55909794,1.49430957
82.7343457,1.2,1.53517961,1.49430957
82.7461742,1.2,1.54489426,1.49430957
82.7532146,1.2,1.52619371,1.49430957
82.7666251,1.4432704,1.53607955,1.49430957
82.777291,1.64475692,1.58942226,1.49430957
82.7835373,1.64475692,1.5216478,1.49430957
82.7941333,1.64475692,1.56196017,1.49430957
82.8041662,2.64594408,1.54937754,1.49430957
82.8130969,2.64594408,1.60180892,1.49430957
82.8253062,2.64594408,1.71246952,1.49430957
82.839051,2.64594408,1.6716752,1.49430957
82.845776,2.8,1.76912601,1.49430957
82.853909,2.8,1.82246902,1.49430957
82.868489,2.8,1.85839784,1.49430957
82.8752912,2.8,1.93837128,1.49430957
82.8868585,2.8,1.9376106,1.49430957
82.8962304,2.8,1.99593619,1.49430957
82.9050732,2.8,2.05122813,1.49430957
82.9132336,2.8,2.11160957,1.49430957
82.9230756,2.8,2.15301736,1.49430957
82.9340365,2.8,2.1991297,1.49430957
82.9432304,2.8,2.24570752,1.49430957
82.9533382,2.8,2.28393763,1.49430957
82.9667959,2.8,2.3468146,1.49430957
82.9764263,2.8,2.38820168,1.49430957
82.9826599,2.8,2.42695839,1.69124219
82.9944335,2.8,2.46714595,1.85434987
83.0045353,2.8,2.50773594,1.85434987
83.013255,2.8,2.55715536,1.85434987
83.0255134,2.8,2.5830476,2.66483241
83.0351824,2.8,2.62809524,2.66483241
83.044545,2.8,2.67373081,2.66483241
83.052902,2.8,2.73286705,2.66483241
83.0638759,2.8,2.73585743,2.78954399
83.0727214,2.8,2.79401506,2.78954399
83.0858128,2.8,2.82340543,2.78954399
83.0942173,2.8,2.87970046,2.78954399
83.1063828,2.8,2.93149312,2.78954399
83.116961,2.8,2.95881124,2.78954399
83.1235658,2.8,2.94236879,2.78954399
83.1319841,2.8,3.04438349,2.78954399
83.1430329,2.8,3.05395683,2.78954399
83.1541183,2.8,3.08530339,2.78954399
83.1647576,2.54432369,3.1321915,2.78954399
83.1724361,2.47336788,3.19224687,2.78954399
83.1843545,2.47336788,3.18288264,2.78954399
83.193407,2.47336788,3.21008188,2.78954399
83.204041,2.47336788,3.21321287,2.78954399
83.2146709,2.17438801,3.20795413,2.78954399
83.2260624,2.17438801,3.20026947,2.78954399
83.2334327,2.17438801,3.20328035,2.78954399
83.2461716,2.17438801,3.19936933,2.78954399
83.2562382,1.91270068,3.20958926,2.78954399
83.2663952,1.91270068,3.13523217,2.78954399
83.2755807,2.04414975,3.16647717,2.78954399
83.2822833,2.04414975,3.12522687,2.78954399
83.2938185,2.04414975,3.07937173,2.78954399
83.3031765,1.73194719,3.0201159,2.78954399
83.3160879,1.73194719,2.98505133,2.78954399
83.3218434,1.73194719,2.9519683,2.78954399
83.3327078,1.73194719,2.88757077,2.78954399
83.3420223,1.73194719,2.85058983,2.78954399
83.358191,1.53428381,2.80261061,2.78954399
83.3649737,1.72392931,2.76946207,2.78954399
83.3725467,1.72392931,2.72284533,2.78954399
83.3841517,1.72392931,2.68467138,2.58256852
83.3943342,1.74878295,2.6314565,2.52512826
83.4052956,1.74878295,2.56778783,2.52512826
83.4166943,1.74878295,2.55455782,2.52512826
83.424016,1.74878295,2.51692169,2.52512826
83.4346219,1.79528557,2.49831132,2.28309763
83.444339,1.79528557,2.470573,2.28309763
83.4561215,1.79528557,2.45226462,2.28309763
83.4652386,1.79528557,2.43499371,2.28309763
83.474718,1.79528557,2.42149201,2.0712561
83.482925,1.86183919,2.42471607,2.0712561
83.4978859,1.86183919,2.36137072,2.17766695
83.5047839,1.86183919,2.3844894,2.17766695
83.5162225,1.86183919,2.36748145,2.17766695
83.5230845,1.9428772,2.36214595,1.92493226
83.5337304,1.9428772,2.3390316,1.92493226
83.5427781,1.9428772,2.34901765,1.92493226
83.5519214,1.9428772,2.31613438,1.92493226
83.5615972,1.9428772,2.33231988,1.92493226
83.5717062,2.03349555,2.31972399,1.92493226
83.5860088,2.03349555,2.36376262,1.91844162
83.596575,2.03349555,2.34804838,1.91844162
83.6066503,2.03349555,2.40568098,1.91844162
83.6182544,2.13257051,2.41909692,1.93856117
83.6248998,1.2,2.459232,1.93856117
83.6323431,1.2,2.46957698,1.93856117
83.6446114,1.2,2.51476471,1.93856117
83.6528162,1.2,2.52629358,1.97620604
83.6633463,1.2,2.53723393,1.97620604
83.6738749,1.2,2.50078747,1.97620604
83.6838266,1.2,2.46053923,1.97620604
84.7650963,-0.3,-0.441863492,0.280027302
84.7759847,-0.3,-0.442503935,0.280027302
84.7846858,-0.3,-0.416332777,0.280027302
84.7939355,-0.3,-0.440499033,0.280027302
84.8020933,-0.3,-0.41880845,0.280027302
84.8122504,-0.3,-0.420019403,0.280027302
84.8260032,-0.3,-0.40422511,0.280027302
84.8345458,-0.3,-0.400380925,0.280027302
84.8430731,-0.3,-0.39672035,0.280027302
84.8526242,-0.3,-0.385539893,0.280027302
84.8634785,-0.3,-0.400676097,0.280027302
84.8752911,-0.3,-0.377824613,0.280027302
84.8842622,-0.3,-0.379507972,0.280027302
84.8931669,-0.3,-0.372336758,0.280027302
84.9038751,-0.3,-0.380314333,0.280027302
84.9117114,-0.3,-0.353385297,0.280027302
84.9231634,-0.3,-0.370252074,0.280027302
84.940952,-0.3,-0.366785321,0.280027302
84.9479976,-0.3,-0.352857912,0.280027302
84.9571317,-0.3,-0.351465259,0.280027302
84.963639,-0.3,-0.390799127,0.280027302
84.9734724,-0.3,-0.330957511,0.280027302
84.9834655,-0.3,-0.341345636,0.280027302
84.9967031,-0.3,-0.384665527,0.280027302
85.0044192,-0.3,-0.364229194,0.280027302
85.0141714,-0.3,-0.393320425,0.280027302
85.0251074,-0.3,-0.379937058,0.280027302
85.0330008,-0.3,-0.415919991,0.280027302
85.0442543,-0.3,-0.387983074,0.280027302
85.0528568,-0.3,-0.430407755,0.280027302
85.0649135,-0.3,-0.424385576,0.280027302
85.0752021,-0.3,-0.424257103,0.280027302
85.0843652,-0.3,-0.425196465,0.280027302
85.0965538,-0.3,-0.429017939,0.280027302
85.1038465,-0.3,-0.407382988,0.280027302
85.1144254,-0.3,-0.419071438,0.280027302
85.1232047,-0.3,-0.438248411,0.280027302
85.1351341,-0.3,-0.436097309,0.280027302
85.1452519,-0.3,-0.430492303,0.280027302
85.1544434,-0.3,-0.432435586,0.280027302
85.1630754,-0.3,-0.427701555,0.280027302
85.1734575,-0.3,-0.393080427,0.280027302
85.2117779,-0.3,-0.435101088,0.280027302
85.2264786,-0.3,-0.4290917,0.280027302
85.2264898,-0.3,-0.446699339,0.280027302
85.226501,-0.3,-0.413714464,0.280027302
85.2265303,-0.3,-0.423394662,0.280027302
85.2338358,2.8,-0.412465046,0.280027302
85.2428552,2.8,-0.406825189,0.280027302
85.254835,2.8,-0.413602393,0.280027302
85.2642421,2.8,-0.378911816,0.280027302
85.2761171,2.8,-0.366438013,0.280027302
85.2821136,2.8,-0.225089373,0.280027302
85.292878,2.8,-0.184956242,0.280027302
85.3033549,2.8,-0.200383144,0.280027302
85.314276,2.8,-0.054948576,0.280027302
85.3231901,2.8,-0.130896804,0.280027302
85.3348775,2.8,0.00990754263,0.280027302
85.3466055,2.8,0.0167871231,0.280027302
85.3507073,2.8,0.12528349,0.280027302
85.365786,2.8,0.182188593,0.280027302
85.3764327,2.8,0.210314774,0.280027302
85.3867653,2.8,0.240265871,0.280027302
85.392177,2.8,0.30076289,0.280027302
85.4041458,2.8,0.314611582,0.280027302
85.4158284,2.8,0.410217508,0.280027302
85.4223016,2.8,0.518603767,0.280027302
85.4339064,2.8,0.451484825,0.280027302
85.4436736,2.8,0.573579431,0.280027302
85.4524628,2.8,0.601983963,2.78954399
85.4628392,2.8,0.681559799,2.78954399
85.4747812,2.8,0.718180025,2.78954399
85.4826924,2.8,0.743899047,2.78954399
85.4918991,2.8,0.812150595,2.78954399
85.5052167,2.8,0.876796046,2.78954399
85.5148639,2.8,0.880520172,2.78954399
85.5262788,2.8,0.9488123,2.78954399
85.5335988,2.8,1.01415781,2.78954399
85.5426468,2.8,1.0797821,2.78954399
85.5539196,2.8,1.10421668,2.78954399
85.5662094,2.8,1.18772914,2.78954399
85.5753177,2.8,1.31257772,2.78954399
85.5835106,2.8,1.27374349,2.78954399
85.5956185,2.8,1.32546512,2.78954399
85.6053782,2.8,1.4000643,2.78954399
85.6155571,2.8,1.44184702,2.78954399
85.6244234,2.8,1.49683778,2.78954399
85.6315661,2.8,1.53783843,2.78954399
85.6469122,2.8,1.58528932,2.78954399
85.6551679,2.8,1.63885825,2.78954399
85.6624987,2.8,1.68246555,2.78954399
85.680161,2.8,1.75577531,2.78954399
85.6925001,2.8,1.79310123,2.78954399
85.7007705,2.8,1.84538663,2.78954399
85.7065152,2.8,1.9035234,2.78954399
85.7142017,2.8,1.89858708,2.78954399
85.7219347,2.8,1.97676112,2.78954399
85.7334942,2.8,2.02571943,2.78954399
85.7436591,2.8,2.08597803,2.78954399
85.7524267,2.8,2.15366345,2.78954399
85.7628396,2.8,2.1844472,2.78954399
85.772286,2.8,2.21885103,2.78954399
85.7839317,2.8,2.30736341,2.78954399
85.7952246,2.8,2.31172467,2.78954399
85.8057526,2.8,2.35754746,2.78954399
85.8134532,2.8,2.4771419,2.78954399
85.8256125,2.8,2.49612147,2.78954399
85.8326598,2.8,2.48074113,2.78954399
85.8453678,2.8,2.57806586,2.78954399
85.852427,2.8,2.60683107,2.78954399
85.8668347,2.8,2.69891899,2.78954399
85.8775375,2.69250884,2.67436838,2.78954399
85.8857908,2.69250884,2.72160995,2.78954399
85.8950935,2.69250884,2.79614009,2.78954399
85.9044739,2.69250884,2.79126729,2.78954399
85.9243193,2.8,2.86529357,2.78954399
85.9330446,2.8,2.89360827,2.78954399
85.9387191,2.8,2.9353397,2.78954399
85.9440721,2.8,2.97307515,2.78954399
85.9538595,2.8,3.01122552,2.78954399
85.963896,2.8,3.05271888,2.78954399
85.9803804,2.8,3.11406873,2.78954399
85.9892502,2.8,3.08243143,2.78954399
86.0032928,2.8,3.14367894,2.78954399
86.0099339,2.8,3.15385779,2.78954399
86.0173244,2.8,3.19313217,2.78954399
86.0245962,2.8,3.22852554,2.78954399
86.0326585,2.8,3.26781028,2.78954399
86.0428019,2.8,3.32367419,2.78954399
86.0541969,1.2,3.31933928,2.78954399
86.0744066,1.2,3.3725664,2.78954399
86.0808405,1.2,3.36864076,2.78954399
86.0905404,1.2,3.41510233,2.70252758
86.0970713,1.2,3.38545361,2.70252758
86.1119885,1.2,3.28375274,2.70252758
86.1208099,1.2,3.16838577,2.70252758
86.1288571,1.2,3.16990614,2.70252758
86.1387863,1.2,3.09955255,2.78954399
86.1503104,1.2,3.05707759,2.78954399
86.1558695,1.2,2.99463952,2.78954399
86.1651391,1.2,2.93661635,2.78954399
86.172329,1.2,2.89505324,2.78954399
86.1904005,1.2,2.84707304,2.78954399
86.1961058,1.2,2.80631478,2.78954399
86.2050916,1.2,2.75451184,2.78954399
86.2183848,1.2,2.70784145,2.78954399
86.2253313,1.2,2.66804261,2.78954399
86.2368115,1.2,2.60001183,2.78954399
86.2461075,1.2,2.55629243,2.78954399
86.2549768,1.2,2.50585765,2.78954399
86.2633205,1.2,2.46003142,2.78954399
86.2759384,1.2,2.41684563,1.49430957
86.2820057,1.2,2.3491652,1.49430957
86.2972661,1.2,2.29972971,1.49430957
86.3049275,1.2,2.24020789,1.49430957
86.3131662,1.2,2.23216819,1.49430957
86.3257728,1.2,2.16906007,1.49430957
86.3324386,1.2,2.14363647,1.49430957
86.3658674,1.2,2.08302835,1.49430957
86.3718695,1.2,2.04879877,1.49430957
86.371907,1.2,1.99490575,1.49430957
86.3790383,1.2,1.94381753,1.49430957
86.3854245,1.2,1.90241172,1.49430957
86.3917273,1.2,1.8607126,1.49430957
86.4051315,1.2,1.82519572,1.49430957
86.4143901,1.2,1.78532767,1.49430957
86.4239117,1.2,1.74541728,1.49430957
86.4341714,1.2,1.73671262,1.49430957
86.4456588,1.2,1.72863406,1.49430957
86.4532133,1.2,1.66829249,1.49430957
86.4685751,1.2,1.64239618,1.49430957
86.4778243,1.2,1.60069659,1.49430957
86.4840324,1.2,1.55434489,1.49430957
86.4949012,1.2,1.55284657,1.49430957
86.5032338,1.2,1.59082516,1.49430957
86.5147838,1.2,1.51585945,1.49430957
86.5261846,1.2,1.52901651,1.49430957
86.5344997,1.2,1.49878019,1.49430957
86.5433555,1.2,1.49209302,1.49430957
86.5540234,1.2,1.48704652,1.49430957
86.562449,1.2,1.47112096,1.49430957
86.5731647,1.2,1.4641065,1.49430957
86.5860355,1.2,1.45132444,1.49430957
86.5928883,1.2,1.4565022,1.49430957
86.6036685,1.2,1.48025913,1.49430957
86.6140334,1.2,1.39776873,1.49430957
86.6229985,1.2,1.43266209,1.49430957
86.635838,1.2,1.42492478,1.49430957
86.641479,1.2,1.46555593,1.49430957
86.6536669,1.2,1.41112725,1.49430957
86.6682056,1.2,1.46532534,1.49430957
86.6765392,1.2,1.42264878,1.49430957
86.686808,1.2,1.42565927,1.49430957
86.6935798,1.2,1.49260717,1.49430957
86.7179679,1.2,1.46596619,1.49430957
86.7338471,1.2,1.49532371,1.49430957
86.7338669,1.2,1.48626238,1.49430957
86.7404497,1.2,1.52489406,1.49430957
86.7479946,1.2,1.55483152,1.49430957
86.7542864,1.2,1.51279211,1.49430957
86.7632954,1.2,1.52368035,1.49430957
86.773767,1.2,1.53612635,1.49430957
86.7866814,1.2,1.53972862,1.49430957
86.7984356,1.2,1.57751685,1.49430957
86.8060758,1.2,1.57070691,1.49430957
86.8131102,1.2,1.54285944,1.49430957
86.8253674,1.2,1.56821107,1.49430957
86.8317941,1.2,1.54980196,1.49430957
89.1397205,1.2,1.55390572,1.49430957
89.1497176,1.2,1.55705107,1.49430957
89.1537102,1.2,1.55123472,1.49430957
89.1631014,1.2,1.53746005,1.49430957
89.17426,1.2,1.55714183,1.49430957
89.1835221,1.35864013,1.53114848,1.49430957
89.1972543,1.35864013,1.5650243,1.49430957
89.205089,1.35864013,1.55977138,1.49430957
89.212702,1.35864013,1.55901652,1.49430957
89.2200881,3,1.57071656,1.49430957
89.233175,3,1.60318141,1.49430957
89.2412453,3,1.6315049,1.49430957
89.2527513,3,1.65321972,1.49430957
89.2632933,3,1.68891267,1.49430957
89.2709518,3,1.72737742,1.49430957
89.2843933,2.99574078,1.77422898,1.49430957
89.2925566,2.99574078,1.82118646,1.49430957
89.3035798,2.99574078,1.87860302,1.49430957
89.3119753,2.99574078,1.91913722,1.49430957
89.3221664,1.2,1.98300108,1.49430957
89.334598,1.2,2.01680565,1.49430957
89.3420987,1.2,2.02822861,1.49430957
89.3543288,1.2,2.1163162,1.49430957
89.3626613,1.2,2.1367921,1.49430957
89.3771081,1.2,2.06837144,1.49430957
89.3869025,1.2,2.04070444,1.49430957
89.3929264,1.2,1.96046333,1.49430957
89.4030435,1.2,1.90709084,1.62273217
89.4134327,1.2,1.87595379,1.62273217
89.4236221,1.2,1.82726193,1.62273217
89.4342705,1.2,1.79625442,1.62273217
89.4426216,1.2,1.74309418,2.95144829
89.4550491,1.2,1.73046022,2.95144829
89.4643693,1.2,1.67682726,2.95144829
89.4766293,1.2,1.6522404,2.95144829
89.4853197,1.2,1.63901885,2.95144829
89.4963829,1.2,1.60573248,2.94800036
89.5023931,1.2,1.54811641,2.94800036
89.516362,1.2,1.60704083,2.94800036
89.5238099,1.2,1.537558,2.94800036
89.5335291,1.2,1.52470226,2.94800036
89.5435773,1.2,1.51035392,1.49430957
89.5572407,1.2,1.49979553,1.49430957
89.564313,1.2,1.47450202,1.49430957
89.5734563,1.2,1.4547929,1.49430957
89.5849016,1.2,1.45645578,1.49430957
89.5930256,1.2,1.44531237,1.49430957
89.605083,1.2,1.43818803,1.49430957
89.6135394,1.2,1.43711736,1.49430957
89.6249432,1.2,1.42089819,1.49430957
89.6367305,1.2,1.41240824,1.49430957
89.6453125,1.2,1.40312467,1.49430957
89.6519144,1.2,1.39417829,1.49430957
89.6614222,1.2,1.4283891,1.49430957
89.6730036,1.2,1.4136237,1.49430957
89.6867236,1.2,1.41374438,1.49430957
89.694483,1.2,1.47338006,1.49430957
89.7072777,1.2,1.46167088,1.49430957
89.71592,1.2,1.47352126,1.49430957
89.723876,1.2,1.47866968,1.49430957
89.7359001,1.2,1.51288746,1.49430957
89.7437589,1.2,1.50494384,1.49430957
89.7571897,1.2,1.51575271,1.49430957
89.7640778,1.2,1.54212963,1.49430957
89.7748218,1.2,1.53005816,1.49430957
89.7854329,1.2,1.54951875,1.49430957
89.7935022,1.2,1.57421941,1.49430957
89.8037405,1.2,1.5531244,1.49430957
89.813912,1.2,1.55752497,1.49430957
89.8260563,1.2,1.55462046,1.49430957
89.8349368,1.2,1.55055486,1.49430957
89.8447837,1.2,1.55806912,1.49430957
89.8537718,1.2,1.56094831,1.49430957
89.8645588,1.2,1.55368493,1.49430957
89.8727348,1.2,1.56512166,1.49430957
89.8846515,1.2,1.55953076,1.49430957
89.893467,1.2,1.56018941,1.49430957
89.905705,1.2,1.56697301,1.49430957
89.9135056,1.2,1.55577213,1.49430957
89.9246163,1.2,1.55667821,1.49430957
89.9347052,1.2,1.54455826,1.49430957
89.9454194,1.2,1.55998693,1.49430957
89.9533619,1.2,1.54963351,1.49430957
89.9648563,1.2,1.55558273,1.49430957
89.9736077,1.2,1.55589915,1.49430957
89.9992691,1.2,1.55444734,1.49430957
91.0632704,3,2.0952249,1.49430957
91.0722502,3,2.16083784,1.49430957
91.0865258,3,2.18339349,1.49430957
91.0943565,3,2.22037964,1.49430957
91.1045345,3,2.25404862,1.5019667
91.1117312,2.95964195,2.29718183,1.5019667
91.1245845,2.95964195,2.35057192,1.5019667
91.1341003,2.81447737,2.39366157,1.5019667
91.1448805,2.81447737,2.44631997,2.41747228
91.1568729,2.81447737,2.49160702,2.41747228
91.1634328,2.46117143,2.52860085,2.41747228
91.1733952,2.46117143,2.55000982,2.41747228
91.18526,0,2.59212126,2.41747228
91.1957793,0,2.6098993,2.41747228
91.2048852,0,2.65018993,2.95144829
91.2136766,0,2.64294529,2.95144829
91.2235798,0,2.66420791,2.95144829
91.2342197,0,2.61380614,2.95144829
91.2442804,0,2.57522551,2.95144829
91.2523078,0,2.44399371,2.95144829
91.264427,0,2.45352388,2.95144829
91.2721089,0,2.41731865,2.95144829
91.2851135,0,2.33453822,2.95144829
91.2961004,-0.3,2.33107216,2.95144829
91.3060156,-0.3,2.26931865,2.95144829
91.3147176,-0.3,2.20956984,2.95144829
91.3224123,-0.3,2.1767725,2.95144829
91.3333554,-0.3,2.13359769,2.91877759
91.3437907,-0.3,2.0600407,2.91877759
91.3558738,-0.3,2.02205877,2.80126373
91.362527,-0.3,1.94381747,2.80126373
91.3740976,-0.3,1.92339294,2.80126373
91.3829024,-0.3,1.85301708,2.51525497
91.3945762,-0.3,1.7792897,2.51525497
91.4070658,-0.3,1.76232906,0.522883756
91.4137123,-0.3,1.70469514,0.522883756
91.4259547,-0.3,1.64104445,0.522883756
91.4339926,-0.3,1.58589139,0.522883756
91.4442824,-0.3,1.55901807,0.522883756
91.4526005,-0.3,1.46301709,0.522883756
91.4647568,-0.3,1.43089919,0.522883756
91.4715645,-0.3,1.37724375,0.522883756
91.4822044,-0.3,1.32943805,0.522883756
91.49412,-0.3,1.27350007,0.522883756
91.5085797,-0.3,1.21883771,0.522883756
91.5181177,-0.3,1.15519123,0.280027302
91.5237258,-0.3,1.12566163,0.280027302
91.5349457,-0.3,1.06135303,0.280027302
91.5472589,-0.3,1.0225876,0.280027302
91.5521254,-0.3,0.980032469,0.280027302
91.562953,-0.3,0.894940485,0.280027302
91.5720758,-0.3,0.848811932,0.280027302
91.5854551,-0.3,0.801662072,0.280027302
91.5935304,-0.3,0.738181338,0.280027302
91.6038526,-0.3,0.701126544,0.280027302
91.6123394,-0.3,0.635226323,0.280027302
91.6267402,-0.3,0.597633826,0.280027302
91.6353893,-0.3,0.518577282,0.280027302
91.6456669,-0.3,0.473226429,0.280027302
91.654084,-0.3,0.419072258,0.280027302
91.6625823,-0.3,0.374520321,0.280027302
91.6729738,-0.3,0.306947639,0.280027302
91.6856876,-0.3,0.264057083,0.280027302
91.6950757,-0.3,0.204067003,0.280027302
91.7053685,-0.3,0.149964791,0.280027302
91.7140758,-0.3,0.0972204275,0.280027302
91.7215875,-0.3,0.0564308115,0.280027302
91.7361663,-0.3,-0.00382678608,0.280027302
91.7444288,-0.3,-0.0543274619,0.280027302
91.7578106,-0.3,-0.107217432,0.280027302
91.7642727,-0.3,-0.14394767,0.280027302
91.7762023,-0.3,-0.216871371,0.280027302
91.7871928,-0.3,-0.254308081,0.280027302
91.7959576,-0.3,-0.304428385,0.280027302
91.807638,-0.3,-0.33561902,0.280027302
91.8152217,-0.3,-0.403639303,0.280027302
91.8234575,-0.3,-0.423445942,0.280027302
91.8349445,-0.3,-0.461174142,0.280027302
91.8457801,-0.3,-0.480352867,0.280027302
91.8530103,-0.3,-0.500130774,0.280027302
91.8642585,-0.3,-0.516216934,0.280027302
91.8719982,-0.3,-0.509392717,0.280027302
91.8851878,-0.3,-0.541694038,0.280027302
91.8930655,-0.3,-0.532209683,0.280027302
91.9047088,-0.3,-0.538410211,0.280027302
91.9135907,-0.3,-0.533937531,0.280027302
91.9239054,-0.3,-0.525599278,0.280027302
91.935078,-0.3,-0.526552935,0.280027302
91.9431543,-0.3,-0.510352639,0.280027302
91.9516921,-0.3,-0.500109404,0.280027302
91.9681882,-0.3,-0.496826341,0.280027302
91.9723731,-0.3,-0.492764818,0.280027302
91.9851926,-0.3,-0.482572595,0.280027302
91.9951021,-0.3,-0.480661907,0.280027302
92.0081737,-0.3,-0.477680594,0.280027302
92.0145792,-0.3,-0.485463483,0.280027302
92.0278211,-0.3,-0.472168856,0.280027302
92.0360419,-0.3,-0.454713811,0.280027302
92.0431456,-0.3,-0.451743477,0.280027302
92.0521171,-0.3,-0.456257925,0.280027302
92.0629293,-0.3,-0.447677119,0.280027302
92.0738414,-0.3,-0.440962124,0.280027302
92.0853288,-0.3,-0.438171318,0.280027302
92.091583,-0.3,-0.427100257,0.280027302
92.1030631,-0.3,-0.454570779,0.280027302
92.1161376,-0.3,-0.41524063,0.280027302
92.1255887,-0.3,-0.400381251,0.280027302
92.1326945,-0.3,-0.431796647,0.280027302
92.1446399,-0.3,-0.42953032,0.280027302
92.1551319,-0.3,-0.411612575,0.280027302
92.1641342,-0.3,-0.412184123,0.280027302
92.1744797,-0.3,-0.389207094,0.280027302
92.1833232,-0.3,-0.404347498,0.280027302
92.1947317,-0.3,-0.40804866,0.280027302
92.2037475,-0.3,-0.402352793,0.280027302
92.2129463,-0.3,-0.406070696,0.280027302
92.2247735,-0.3,-0.418526052,0.280027302
92.2404578,-0.3,-0.402540561,0.280027302
92.2470332,-0.3,-0.417038389,0.280027302
92.2523116,-0.3,-0.412185167,0.280027302
92.2632206,-0.3,-0.438275893,0.280027302
92.273899,-0.3,-0.425692823,0.280027302
92.2851651,-0.3,-0.428120484,0.280027302
92.2927453,-0.3,-0.445636319,0.280027302
92.3048577,-0.3,-0.443294369,0.280027302
92.3133774,-0.3,-0.446106417,0.280027302
92.3249952,-0.3,-0.438133498,0.280027302
92.332791,-0.3,-0.460843717,0.280027302
92.3441879,-0.3,-0.435734449,0.280027302
92.3540295,-0.3,-0.450909399,0.280027302
92.3648092,-0.3,-0.463885644,0.280027302
92.3800115,-0.3,-0.436050198,0.280027302
92.3873398,-0.3,-0.434201802,0.280027302
92.396562,-0.3,-0.429584395,0.280027302
92.4039326,-0.3,-0.450422121,0.280027302
92.4129242,-0.3,-0.435677234,0.280027302
92.4241761,-0.3,-0.411707646,0.280027302
92.4353306,3,-0.427879965,0.280027302
92.4469023,1.92937201,-0.431647347,0.280027302
92.4546252,1.92937201,-0.421199696,0.280027302
92.462269,1.92937201,-0.427753915,0.280027302
92.4714786,1.9014383,-0.357653745,0.280027302
92.48277,1.9014383,-0.30820607,0.280027302
92.4944052,1.9014383,-0.252226138,0.280027302
92.5038366,1.89451594,-0.14700925,0.280027302
92.5143904,1.89451594,-0.138780241,0.280027302
92.5225374,1.89451594,-0.0879733109,0.280027302
92.5319387,1.89451594,-0.0411398035,0.280027302
92.5439333,1.89451594,0.0237845731,0.280027302
92.5549972,1.90064098,0.0754229882,0.280027302
92.5616168,1.90064098,0.122092864,0.280027302
92.5721628,1.90064098,0.196348813,0.280027302
92.5829483,1.90064098,0.241367918,0.280027302
92.5943146,1.91621153,0.27783609,0.280027302
92.6055705,1.91621153,0.33845233,0.280027302
92.6157486,1.91621153,0.411132786,0.280027302
92.6224885,1.91621153,0.440241342,0.280027302
92.6329669,1.91621153,0.4843255,0.280027302
92.6436966,1.95713993,0.542974751,0.280027302
92.6566366,1.95713993,0.625453692,2.95144829
92.6641218,1.95713993,0.622907879,2.0847519
92.6734287,1.95713993,0.704278577,2.0847519
92.6813401,1.95713993,0.739070942,2.0847519
92.7020736,1.98884557,0.80719883,2.06213897
92.7125208,1.98884557,0.86430076,2.06213897
92.7179822,1.98884557,0.914953967,2.06213897
92.7238512,1.98884557,0.966388726,2.05653517
92.7343909,2.0271555,1.02925099,2.05653517
92.7435555,2.0271555,1.08509057,2.05653517
92.7518054,2.0271555,1.09294713,2.05653517
92.7647578,2.0271555,1.18501076,2.05653517
92.772206,2.0271555,1.19929921,2.05653517
92.7822375,2.06202067,1.26827372,2.06149352
92.7951135,2.20164938,1.33386161,2.06149352
92.8064199,2.20164938,1.40065073,2.06149352
92.8129972,2.20164938,1.41124742,2.07409821
92.8219074,2.27359247,1.46719177,2.07409821
92.8344392,2.27359247,1.50213113,2.07409821
92.8450143,2.27359247,1.55901989,2.07409821
92.8529035,2.27359247,1.61219078,2.07409821
92.8628087,2.35692093,1.62911249,2.10723063
92.8777468,2.35692093,1.70649323,2.10723063
92.8840965,2.35692093,1.74809731,2.10723063
92.8942206,2.35692093,1.77462545,2.10723063
92.9049182,2.44514918,1.82199118,2.10723063
92.9150166,2.44514918,1.87652455,2.13289703
92.9222445,2.44514918,1.94019703,2.13289703
92.9342233,2.44514918,1.95426072,2.13289703
92.9467901,2.44514918,2.00984347,2.13289703
92.9553178,2.4885541,2.07024005,2.16390974
92.9665044,2.4885541,2.05083877,2.16390974
92.973942,2.4885541,2.10980056,2.16390974
92.9851557,2.4885541,2.10017779,2.16390974
92.9939995,2.4885541,2.18429346,2.16390974
93.0055647,2.55856738,2.22310443,2.19213385
93.0144239,2.55856738,2.26826211,2.30516629
93.0251787,2.55856738,2.3001362,2.30516629
93.031163,2.55856738,2.30332497,2.30516629
93.0449943,2.63756386,2.32423148,2.36340577
93.0535927,2.76085092,2.35270161,2.36340577
93.0652968,2.76085092,2.37635618,2.36340577
93.0729755,2.76085092,2.41753617,2.36340577
93.0828493,2.98072386,2.45230103,2.43086195
93.0919141,3,2.48763419,2.43086195
93.1058045,3,2.52563835,2.43086195
93.1154052,3,2.53969964,2.43086195
93.1260229,3,2.5641699,2.50228461
93.1326137,3,2.58055503,2.50228461
93.1455881,3,2.66119339,2.50228461
93.153084,3,2.67138168,2.50228461
93.1633027,3,2.68583721,2.50228461
93.1734601,3,2.73547899,2.50228461
93.1833149,3,2.73939014,2.53742183
93.1926494,3,2.77908431,2.53742183
93.204496,3,2.76538392,2.53742183
93.2142102,3,2.80578208,2.53742183
93.2254126,3,2.81686425,2.59409909
93.2373609,3,2.86230196,2.59409909
93.2428121,2.87704705,2.82970671,2.59409909
93.2533768,2.87704705,2.87791814,2.59409909
93.2665941,3,2.90205148,2.65804844
93.2753912,3,2.89739473,2.75785196
93.2819289,3,2.89242236,2.75785196
93.2915236,3,2.90822924,2.75785196
93.3047692,3,2.88599615,2.93584385
93.3138638,3,2.9529982,2.95144829
93.3235149,3,2.98602133,2.95144829
93.3342049,3,2.98911118,2.95144829
93.3452536,3,3.04622747,2.95144829
93.3539419,3,3.03066838,2.95144829
93.3675965,3,3.01489155,2.95144829
93.3746183,3,3.00189917,2.95144829
93.383481,3,3.06613175,2.95144829
93.3970608,3,3.05222742,2.95144829
93.4031313,3,3.09036174,2.95144829
93.4139224,3,3.0946143,2.95144829
93.4239974,3,3.12692176,2.95144829
93.4339622,3,3.15584787,2.95144829
93.4446594,3,3.15647695,2.95144829
93.4534274,3,3.1592383,2.95144829
93.4647143,3,3.17693616,2.85191524
93.4722459,3,3.17328577,2.85191524
93.4826166,3,3.22843273,2.85191524
93.4974373,3,3.23757564,2.95144829
93.5027543,3,3.27003927,2.95144829
93.5145794,3,3.25657267,2.95144829
93.5249851,3,3.25206264,2.95144829
93.5359634,3,3.31632701,2.95144829
93.5423792,3,3.33691628,2.95144829
93.5561539,3,3.3351713,2.95144829
93.5691994,3,3.44117631,2.95144829
93.5775903,3,3.38172514,2.95144829
93.5858799,3,3.45083345,2.95144829
93.5948569,2.88912559,3.46427642,2.95144829
93.6056032,2.88912559,3.4459922,2.95144829
93.616139,2.88912559,3.48369355,2.95144829
93.6250585,2.88912559,3.52114379,2.95144829
93.6346607,2.9560042,3.54288836,2.95144829
93.6451503,2.9560042,3.55779122,2.95144829
93.6548378,2.9560042,3.57677885,2.95144829
93.665542,3,3.5833438,2.95144829
93.6764018,3,3.63267545,2.95144829
93.6889513,3,3.6847522,2.95144829
93.6972028,3,3.69778782,2.95144829
93.7026733,3,3.73023163,2.95144829
93.71316,3,3.76253222,2.95144829
93.7228066,3,3.7756288,2.95144829
93.733317,3,3.79975922,2.95144829
93.7456298,3,3.85808362,2.95144829
93.7554109,3,3.86614806,2.95144829
93.7637241,3,3.88194154,2.95144829
93.773806,3,3.87111761,2.95144829
93.790417,3,3.91877692,2.95144829
93.7960367,3,3.92910966,2.95144829
93.8019289,3,3.94241147,2.95144829
93.814828,3,3.94733387,2.86169307
93.8300404,3,3.9743432,2.86169307
93.8367753,3,3.97530043,2.86169307
93.8438869,3,3.97206439,2.86169307
93.8517886,3,3.97147553,2.91583274
93.8632142,3,3.98159474,2.91583274
93.8751427,1.2,3.99871966,2.91583274
93.8836391,1.2,3.98866025,2.95144829
93.8958256,1.2,3.97331158,2.95144829
93.9070364,1.2,4.03161747,2.95144829
93.914597,1.2,3.92921041,2.95144829
93.928102,1.2,3.88860891,2.95144829
93.9339035,1.2,3.84186266,2.95144829
93.9436715,1.2,3.77831533,2.95144829
93.9551132,1.2,3.70965846,2.95144829
93.9655069,1.2,3.66284695,2.95144829
93.9760418,1.2,3.56193147,2.95144829
93.9862958,1.2,3.55807472,2.95144829
93.9966707,1.2,3.50210529,2.95144829
94.003307,1.2,3.4462714,2.95144829
94.0124839,1.2,3.41066237,2.95144829
94.0245191,1.2,3.33329451,2.95144829
94.0373636,1.2,3.27208177,2.95144829
94.0427903,1.2,3.23286366,2.95144829
94.0523479,1.2,3.18023442,2.95144829
94.0629999,1.2,3.14215866,2.95144829
94.0745412,1.2,3.06977742,2.95144829
94.0849445,1.2,3.04938988,2.95144829
94.0941908,1.2,2.95733664,1.49430957
94.1025689,1.2,2.92611631,1.49430957
94.112919,1.2,2.85948734,1.49430957
94.1236443,1.2,2.81514355,1.49430957
94.1335167,1.2,2.79261024,1.49430957
94.1433188,1.2,2.7359799,1.49430957
94.153438,1.2,2.69659481,1.49430957
94.1644295,1.2,2.64875645,1.49430957
94.1734807,1.2,2.59758856,1.49430957
94.1867335,1.2,2.5425215,1.49430957
94.1967016,1.2,2.49547994,1.49430957
94.2030608,1.2,2.43771193,1.49430957
94.2125556,1.2,2.39311573,1.49430957
94.2252647,1.2,2.35627728,1.49430957
94.2355674,1.2,2.30068852,1.49430957
94.2434241,1.2,2.2688249,1.49430957
94.2528899,0,2.21913223,1.49430957
94.2655982,0,2.16634699,1.49430957
94.2740314,0,2.12056142,1.49430957
94.2837649,0,2.05967274,1.49430957
94.293713,0,2.01684642,1.49430957
94.3018147,0,1.95495015,1.49430957
94.3113569,0,1.89089597,1.49430957
94.3223208,0,1.85719851,1.49430957
94.336192,0,1.78078999,1.49430957
94.3494265,-0.3,1.74608156,1.49430957
94.3561968,-0.3,1.70623162,1.49430957
94.3660279,-0.3,1.65251103,1.49430957
94.3735705,-0.3,1.58451831,1.49430957
94.3869184,-0.3,1.56265964,1.49430957
94.3927222,-0.3,1.46227566,1.49430957
94.4017517,-0.3,1.42244902,1.49430957
94.4151998,-0.3,1.33821079,1.49430957
94.4231315,-0.3,1.29109871,1.49430957
94.4341103,-0.3,1.27748147,1.49430957
94.4459131,-0.3,1.20657821,1.49430957
94.4551958,-0.3,1.1224579,1.49430957
94.4633346,-0.3,1.05491344,1.49430957
94.4724175,-0.3,0.958741785,0.522883756
94.4845807,-0.3,0.940673037,0.522883756
94.4943379,-0.3,0.913836877,0.522883756
94.5060892,-0.3,0.844848451,0.522883756
94.5141195,-0.3,0.786979985,0.522883756
94.5234533,-0.3,0.727559667,0.522883756
94.5313111,-0.3,0.649282217,0.522883756
94.5419645,-0.3,0.659170978,0.522883756
94.5546381,-0.3,0.54315122,0.522883756
94.5649483,-0.3,0.547650743,0.522883756
94.5718663,-0.3,0.452400403,0.280027302
94.5821925,-0.3,0.414801707,0.280027302
94.5935429,-0.3,0.389484303,0.280027302
94.6025471,-0.3,0.283773557,0.280027302
94.6150877,-0.3,0.270589962,0.280027302
94.6258789,-0.3,0.228274299,0.280027302
94.6420729,-0.3,0.16095132,0.280027302
94.6517958,-0.3,0.122280123,0.280027302
94.6575256,-0.3,0.0483675809,0.280027302
94.6649408,-0.3,0.0097250443,0.280027302
94.6772888,-0.3,-0.039703444,0.280027302
94.6898253,-0.3,-0.044438252,0.280027302
94.7008194,-0.3,-0.184320597,0.280027302
94.7069163,-0.3,-0.116374356,0.280027302
94.717684,-0.3,-0.263733774,0.280027302
94.7263931,-0.3,-0.304692666,0.280027302
94.7343175,-0.3,-0.30201593,0.280027302
94.7441197,-0.3,-0.351222176,0.280027302
94.7537218,-0.3,-0.421931875,0.280027302
94.7640464,-0.3,-0.464083341,0.280027302
94.7762875,-0.3,-0.442793523,0.280027302
94.7862696,-0.3,-0.483732586,0.280027302
94.7921105,-0.3,-0.485140918,0.280027302
94.8043,-0.3,-0.48003175,0.280027302
94.817612,-0.3,-0.537125303,0.280027302
94.8244176,-0.3,-0.527822349,0.280027302
94.8339826,-0.3,-0.491033383,0.280027302
94.8456574,-0.3,-0.46297337,0.280027302
94.8543717,-0.3,-0.452314964,0.280027302
94.866727,-0.3,-0.469799188,0.280027302
94.8740699,-0.3,-0.459916992,0.280027302
94.8833319,-0.3,-0.470497908,0.280027302
94.8944876,-0.3,-0.46830849,0.280027302
94.9050133,-0.3,-0.44234436,0.280027302
94.9174842,-0.3,-0.44761677,0.280027302
94.9242528,-0.3,-0.43518388,0.280027302
94.9313047,-0.3,-0.42323213,0.280027302
94.9446505,-0.3,-0.434463632,0.280027302
94.9542867,-0.3,-0.428877147,0.280027302
94.9642808,-0.3,-0.428473138,0.280027302
94.9764609,-0.3,-0.432472918,0.280027302
94.9885768,-0.3,-0.439465667,0.280027302
94.9973921,-0.3,-0.429033308,0.280027302
95.0052054,-0.3,-0.445747683,0.280027302
95.0130573,-0.3,-0.43201077,0.280027302
95.0227455,-0.3,-0.427111583,0.280027302
95.0340233,-0.3,-0.438626507,0.280027302
95.0416747,-0.3,-0.426014146,0.280027302
95.0532614,-0.3,-0.453982025,0.280027302
95.0642676,-0.3,-0.404737133,0.280027302
95.0736184,-0.3,-0.451215811,0.280027302
95.0847506,-0.3,-0.371612304,0.280027302
95.0945599,-0.3,-0.416411033,0.280027302
95.1074073,-0.3,-0.433560837,0.280027302
95.1152686,-0.3,-0.423710484,0.280027302
95.1238782,-0.3,-0.437062764,0.280027302
95.13484,-0.3,-0.417190022,0.280027302
95.1439452,-0.3,-0.403302155,0.280027302
95.1545212,-0.3,-0.440380185,0.280027302
95.1650556,-0.3,-0.419822061,0.280027302
95.1733733,-0.3,-0.420662094,0.280027302
95.1853171,-0.3,-0.433981983,0.280027302
95.1947452,-0.3,-0.407415882,0.280027302
95.2048727,-0.3,-0.404946657,0.280027302
95.2143547,-0.3,-0.423841152,0.280027302
95.2227414,-0.3,-0.408207975,0.280027302
95.2320774,-0.3,-0.419879323,0.280027302
95.2433984,-0.3,-0.409762588,0.280027302
95.2532265,-0.3,-0.410595502,0.280027302
95.2679106,-0.3,-0.405174834,0.280027302
95.2751332,-0.3,-0.39714694,0.280027302
95.28261,-0.3,-0.400620589,0.280027302
95.2944816,-0.3,-0.403628049,0.280027302
95.3018773,-0.3,-0.406717091,0.280027302
95.3153358,-0.3,-0.390483327,0.280027302
95.3235923,-0.3,-0.38271678,0.280027302
95.3337973,-0.3,-0.408233677,0.280027302
95.34772,-0.3,-0.417461203,0.280027302
95.3577123,-0.3,-0.395221034,0.280027302
95.3641866,-0.3,-0.388229982,0.280027302
95.3727213,-0.3,-0.404139949,0.280027302
95.3833972,-0.3,-0.405558803,0.280027302
95.3933633,-0.3,-0.414714984,0.280027302
95.403828,-0.3,-0.394159146,0.280027302
95.414779,-0.3,-0.423799404,0.280027302
95.424426,-0.3,-0.414238724,0.280027302
95.4329096,-0.3,-0.409294366,0.280027302
95.4446633,1.2,-0.431948372,0.280027302
95.4543289,1.2,-0.405720189,0.280027302
95.4658175,1.2,-0.411960325,0.280027302
95.4785254,1.2,-0.387879684,0.280027302
95.4848712,1.2,-0.300705204,0.280027302
95.4942646,1.2,-0.282856722,0.280027302
95.5025409,1.2,-0.209135233,0.280027302
95.5137591,1.2,-0.165579497,0.280027302
95.5277944,1.2,-0.0955883388,0.280027302
95.5357851,1.2,-0.0701337084,0.280027302
95.5438012,1.2,-0.00700181244,0.280027302
95.555543,1.2,0.0420929195,0.280027302
95.5636909,1.2,0.154469056,0.280027302
95.5735553,1.2,0.131591461,0.280027302
95.5830003,1.2,0.2326549,0.280027302
95.5906798,1.2,0.259818373,0.280027302
95.6032195,1.2,0.373648657,0.280027302
95.6134664,1.2,0.389554831,0.280027302
95.6224578,1.2,0.427784375,0.280027302
95.6328324,1.2,0.499739168,0.280027302
95.6430722,1.2,0.500532343,0.280027302
95.6523339,1.2,0.626470112,0.280027302
95.6653835,1.2,0.652243985,1.49430957
95.6734022,1.2,0.690685476,1.49430957
95.6834701,1.2,0.749193726,1.49430957
95.6932354,1.2,0.826068823,1.49430957
95.7023217,1.2,0.878289512,1.49430957
95.7134374,1.2,0.905840762,1.49430957
95.7231984,1.2,0.963257825,1.49430957
95.7324412,1.2,0.991658834,1.49430957
95.7437199,1.2,1.03326082,1.49430957
95.754955,1.2,1.06369829,1.49430957
95.7646641,1.2,1.15024599,1.49430957
95.7731215,1.2,1.1607431,1.49430957
95.7843565,1.2,1.22265042,1.49430957
95.7917794,1.2,1.24169696,1.49430957
95.8172339,1.2,1.2929676,1.49430957
95.8213161,1.2,1.29215214,1.49430957
95.8273719,1.2,1.36519604,1.49430957
95.8331239,1.2,1.34247709,1.49430957
95.842781,1.2,1.39547486,1.49430957
95.8564419,1.2,1.43119033,1.49430957
95.8639616,1.2,1.419329,1.49430957
95.8729395,1.2,1.51198626,1.49430957
95.8829907,1.2,1.5228567,1.49430957
95.8933567,1.2,1.5357779,1.49430957
95.9037045,1.2,1.52140849,1.49430957
95.9174444,1.2,1.54604813,1.49430957
95.923165,1.2,1.56635018,1.49430957
95.9335471,1.2,1.59306698,1.49430957
95.9429745,1.2,1.54472175,1.49430957
95.9539587,1.2,1.59442311,1.49430957
95.9646152,1.2,1.57933388,1.49430957
95.9739564,1.2,1.57544287,1.49430957
95.9823326,1.2,1.63012336,1.49430957
95.9935345,1.2,1.56615385,1.49430957
96.005551,1.2,1.56281221,1.49430957
96.0158755,0,1.59322142,1.49430957
96.0221215,0,1.56120152,1.49430957
96.0341904,0,1.5787318,1.49430957
96.0430498,0,1.50905608,1.49430957
96.051887,0,1.56017634,1.49430957
96.0662948,0,1.51874392,1.49430957
96.0750356,0,1.46308953,1.49430957
96.0856153,0,1.41131684,1.49430957
96.0935269,0,1.34598803,1.49430957
96.1035729,0,1.29276507,1.49430957
96.1133523,0,1.22688103,1.49430957
96.1253109,-0.3,1.15575021,1.49430957
96.1342887,-0.3,1.13375721,1.49430957
96.1447156,-0.3,1.09523377,1.49430957
96.1533864,-0.3,1.02120722,1.49430957
96.1643318,-0.3,0.985245997,1.49430957
96.1737867,-0.3,0.934448994,1.49430957
96.1863699,-0.3,0.900545531,1.49430957
96.1976261,-0.3,0.771310116,1.49430957
96.2046538,-0.3,0.741450016,1.49430957
96.2162996,-0.3,0.694639321,1.49430957
96.2257752,-0.3,0.666972361,1.49430957
96.234089,-0.3,0.582836636,0.522883756
96.2474379,-0.3,0.487151848,0.522883756
96.2529792,-0.3,0.47350844,0.522883756
96.2642385,-0.3,0.516597321,0.522883756
96.2734952,-0.3,0.310406898,0.522883756
96.2832811,-0.3,0.298756686,0.522883756
96.2937028,-0.3,0.247338714,0.522883756
96.304788,-0.3,0.18316726,0.522883756
96.3159794,-0.3,0.174170326,0.522883756
96.3226778,-0.3,0.129609822,0.522883756
96.3331862,-0.3,0.040300287,0.522883756
96.3428681,-0.3,-0.00893521598,0.280027302
96.3568385,-0.3,-0.0498592172,0.280027302
96.3656069,-0.3,-0.169349327,0.280027302
96.3739276,-0.3,-0.203692539,0.280027302
96.3874534,-0.3,-0.15918967,0.280027302
96.3963683,-0.3,-0.254421939,0.280027302
96.4064472,-0.3,-0.294586545,0.280027302
96.4153675,-0.3,-0.365941276,0.280027302
96.4238808,-0.3,-0.467897593,0.280027302
96.4347796,-0.3,-0.402731947,0.280027302
96.4418789,-0.3,-0.46489335,0.280027302
96.4547879,-0.3,-0.51521977,0.280027302
96.4639522,-0.3,-0.488473794,0.280027302
96.4751695,-0.3,-0.502497197,0.280027302
96.4832352,-0.3,-0.525798588,0.280027302
96.4948413,-0.3,-0.507203637,0.280027302
96.5061936,-0.3,-0.499278653,0.280027302
96.5142796,-0.3,-0.436648848,0.280027302
96.5227936,-0.3,-0.527219149,0.280027302
96.5343275,-0.3,-0.520372847,0.280027302
96.5453582,-0.3,-0.480683236,0.280027302
96.5555199,-0.3,-0.545379494,0.280027302
96.5669932,-0.3,-0.425384105,0.280027302
96.5729985,-0.3,-0.449822742,0.280027302
96.5841,-0.3,-0.510204734,0.280027302
96.5953971,-0.3,-0.450955358,0.280027302
96.6057701,-0.3,-0.396607507,0.280027302
96.6214209,-0.3,-0.555256555,0.280027302
96.6277677,-0.3,-0.454067402,0.280027302
96.6346463,-0.3,-0.382527883,0.280027302
96.6443639,-0.3,-0.52537571,0.280027302
96.654629,-0.3,-0.430558802,0.280027302
96.6656569,-0.3,-0.406191235,0.280027302
96.6748359,-0.3,-0.480378473,0.280027302
96.681652,-0.3,-0.352675741,0.280027302
96.694069,-0.3,-0.420953355,0.280027302
96.7037602,-0.3,-0.44458243,0.280027302
96.7150243,-0.3,-0.384137719,0.280027302
96.7242998,-0.3,-0.450982676,0.280027302
96.7351254,-0.3,-0.382234161,0.280027302
96.744524,-0.3,-0.398397422,0.280027302
96.7533178,-0.3,-0.383840648,0.280027302
96.7649345,-0.3,-0.415603527,0.280027302
96.7735159,-0.3,-0.37404821,0.280027302
96.7825883,-0.3,-0.402419459,0.280027302
96.794576,-0.3,-0.382176434,0.280027302
96.8027803,-0.3,-0.402928975,0.280027302
96.8129466,-0.3,-0.317103617,0.280027302
96.8238566,-0.3,-0.38210644,0.280027302
96.8331013,-0.3,-0.382370008,0.280027302
96.8438506,-0.3,-0.357233352,0.280027302
96.8528933,-0.3,-0.356185805,0.280027302
96.863038,-0.3,-0.399470267,0.280027302
96.8721034,-0.3,-0.365439573,0.280027302
96.8825847,-0.3,-0.346518863,0.280027302
96.8938362,-0.3,-0.358599657,0.280027302
96.9057622,-0.3,-0.382805839,0.280027302
96.9171345,-0.3,-0.360599227,0.280027302
96.9266428,-0.3,-0.395453626,0.280027302
96.934715,-0.3,-0.422213436,0.280027302
96.9426777,-0.3,-0.369999054,0.280027302
96.9545811,-0.3,-0.383736058,0.280027302
96.961423,-0.3,-0.42050848,0.280027302
96.9759971,-0.3,-0.447298443,0.280027302
96.9836313,-0.3,-0.358661155,0.280027302
96.9940133,-0.3,-0.443293889,0.280027302
97.0046772,-0.3,-0.471750078,0.280027302
97.0131722,-0.3,-0.39031167,0.280027302
97.0238202,-0.3,-0.349613908,0.280027302
97.035156,-0.3,-0.483797014,0.280027302
97.0450388,-0.3,-0.377962962,0.280027302
97.0531707,-0.3,-0.392991148,0.280027302
97.0661526,-0.3,-0.438824493,0.280027302
97.0743161,-0.3,-0.417842472,0.280027302
97.0825774,-0.3,-0.382131669,0.280027302
97.0942397,-0.3,-0.415597793,0.280027302
97.1039267,-0.3,-0.470166928,0.280027302
97.1152016,-0.3,-0.351792889,0.280027302
97.1218565,-0.3,-0.397646096,0.280027302
97.1735266,-0.3,-0.425804139,0.280027302
97.1867212,-0.3,-0.376091779,0.280027302
97.1867462,-0.3,-0.382618501,0.280027302
97.1867623,-0.3,-0.454935002,0.280027302
97.1867819,-0.3,-0.360257042,0.280027302
97.1932422,-0.3,-0.419190672,0.280027302
97.1989661,-0.3,-0.410190874,0.280027302
97.2048253,-0.3,-0.361385778,0.280027302
97.2125005,-0.3,-0.419612197,0.280027302
97.2231581,-0.3,-0.432993918,0.280027302
97.2330378,1.2,-0.39637531,0.280027302
97.2444919,1.2,-0.423246998,0.280027302
97.2537181,1.2,-0.331696449,0.280027302
97.2683872,1.2,-0.434279849,0.280027302
97.2746565,1.2,-0.25722768,0.280027302
97.2856269,1.2,-0.303926637,0.280027302
97.2936388,1.2,-0.234629828,0.280027302
97.3022245,1.2,-0.126204972,0.280027302
97.3137074,1.2,-0.114698404,0.280027302
97.3226349,1.2,-0.0678890044,0.280027302
97.3322694,1.2,0.0272461515,0.280027302
97.3418909,1.2,0.0475525586,0.280027302
97.354228,1.2,0.100899197,0.280027302
97.3636639,1.2,0.110520231,0.280027302
97.373171,1.2,0.230385453,0.280027302
97.3819664,1.2,0.314554005,0.280027302
97.3970497,1.2,0.236548128,0.280027302
97.4043071,1.2,0.432278702,0.280027302
97.4122473,1.2,0.416483798,0.280027302
97.4252383,1.2,0.511721926,0.280027302
97.4371633,1.2,0.54666976,0.280027302
97.4450851,1.2,0.506121254,0.280027302
97.4561863,1.2,0.630920743,1.49430957
97.4644629,1.2,0.702483207,1.49430957
97.4738945,1.2,0.67758871,1.49430957
97.4838835,1.2,0.78398859,1.49430957
97.4962902,1.2,0.853805183,1.49430957
97.5062598,1.2,0.882327326,1.49430957
97.5150613,1.2,0.934863408,1.49430957
97.5260481,1.2,0.950716257,1.49430957
97.5436484,1.2,1.01222597,1.49430957
100.164364,1.2,-0.449075506,0.280027302
100.174254,1.2,-0.465915418,0.280027302
100.183894,1.2,-0.462345645,0.280027302
100.193106,1.2,-0.412186393,0.280027302
100.203469,1.2,-0.347267078,0.280027302
100.215636,1.2,-0.302070778,0.280027302
100.224894,1.2,-0.230957301,0.280027302
100.233417,1.2,-0.174778565,0.280027302
100.241992,1.2,-0.116399339,0.280027302
100.257562,1.2,-0.0436993286,0.280027302
100.26563,1.2,-6.32591708e-05,0.280027302
100.275414,1.2,0.0574175286,0.280027302
100.282707,1.2,0.146202756,0.280027302
100.293588,1.2,0.179622738,0.280027302
100.303129,1.2,0.242154358,0.280027302
100.315257,1.2,0.296956495,0.280027302
100.329424,1.2,0.34461961,0.280027302
100.336816,1.2,0.402807792,0.522883756
100.34533,1.2,0.450251838,0.522883756
100.356639,1.2,0.503522351,0.522883756
100.361921,1.2,0.551724579,0.522883756
100.375089,1.2,0.598369143,1.49430957
100.383638,1.2,0.642930622,1.49430957
100.396129,1.2,0.69736525,1.49430957
100.404971,1.2,0.744027484,1.49430957
100.412902,1.2,0.807764834,1.49430957
100.424857,1.2,0.83715527,1.49430957
100.432751,1.2,0.874936465,1.49430957
100.442575,1.2,0.920774573,1.49430957
100.454179,1.2,0.969331334,1.49430957
100.464228,1.2,0.991003505,1.49430957
100.474814,1.2,1.07098982,1.49430957
100.483447,1.2,1.07908373,1.49430957
100.492657,1.2,1.09129029,1.49430957
100.504452,1.2,1.14868191,1.49430957
100.515475,1.2,1.162051,1.49430957
100.525256,1.2,1.20252639,1.49430957
100.534369,1.2,1.2486159,1.49430957
100.545874,1.2,1.29962475,1.49430957
100.555569,1.55028341,1.28931203,1.49430957
100.564076,1.55028341,1.34745335,1.49430957
100.572538,1.55028341,1.37375676,1.49430957
100.583055,1.55028341,1.40067651,1.49430957
100.592528,2.76206236,1.4382593,1.49430957
100.603035,2.76206236,1.48125704,1.49430957
100.611708,2.76206236,1.52148281,1.49430957
100.625861,2.76206236,1.56895133,1.49430957
100.634371,3.2,1.62622836,1.49430957
100.642714,3.2,1.66503376,1.49430957
100.657484,3.2,1.69981525,1.49430957
100.66427,3.2,1.77207918,1.49430957
100.673547,3.2,1.79787874,1.49430957
100.68665,3.2,1.86201257,1.49430957
100.694111,3.2,1.91399762,1.49430957
100.704692,3.2,1.95691325,1.49430957
100.714059,3.2,2.00770298,1.49430957
100.722764,2.07490176,2.03281959,1.49430957
100.731972,1.79081159,2.0868928,1.49430957
100.745485,1.79081159,2.12776851,1.49430957
100.753236,1.79081159,2.19802238,1.49430957
100.767808,1.79081159,2.22328233,1.49430957
100.775722,1.2,2.19233785,1.77787152
100.782695,1.2,2.14364663,1.77787152
100.797304,1.2,2.08694648,1.77787152
100.80486,1.2,2.07022867,1.77787152
100.813693,1.2,1.98301994,2.75883265
100.824323,1.2,1.96680563,2.75883265
100.834834,1.2,1.9177344,2.75883265
100.841886,1.2,1.87722869,2.75883265
100.856216,1.2,1.83872708,3.11335259
100.865234,1.2,1.81752824,3.11335259
100.874911,1.2,1.76748427,3.11335259
100.88441,1.2,1.74804622,3.11335259
100.894553,1.2,1.67262995,3.11335259
100.904511,1.2,1.66483933,3.11335259
100.914194,1.2,1.62866807,3.11335259
100.924132,1.2,1.61069341,3.11335259
100.93299,1.2,1.58002005,3.11335259
100.944331,1.2,1.54937159,2.20256136
100.954415,1.2,1.55420498,1.97258427
100.961677,1.2,1.5295294,1.97258427
100.972889,1.2,1.50424524,1.97258427
100.984901,1.2,1.50707947,1.97258427
100.995161,1.2,1.48320061,1.49430957
101.003037,1.2,1.48590957,1.49430957
101.013095,1.2,1.46148754,1.49430957
101.024609,1.2,1.44982525,1.49430957
101.031983,1.2,1.46677889,1.49430957
101.04244,1.2,1.45027972,1.49430957
101.054793,1.2,1.43505287,1.49430957
101.062048,1.2,1.49476418,1.49430957
101.073674,1.2,1.41599416,1.49430957
101.081156,1.2,1.44337261,1.49430957
101.091242,1.2,1.45262493,1.49430957
101.104877,1.2,1.46681677,1.49430957
101.115296,1.2,1.46842676,1.49430957
101.125111,1.2,1.48047339,1.49430957
101.13318,1.2,1.51169984,1.49430957
101.144149,1.2,1.49065695,1.49430957
101.15476,1.2,1.51972017,1.49430957
101.165327,1.2,1.54167838,1.49430957
101.176445,1.2,1.55161871,1.49430957
101.183078,1.2,1.5438741,1.49430957
101.196702,1.2,1.56629816,1.49430957
101.205124,1.2,1.5534806,1.49430957
101.221681,1.2,1.57383588,1.49430957
101.228634,1.2,1.58276281,1.49430957
101.235813,1.2,1.58717922,1.49430957
101.24394,1.2,1.59383038,1.49430957
101.25333,1.2,1.59560056,1.49430957
101.265813,1.2,1.59120676,1.49430957
101.274773,1.2,1.59057967,1.49430957
101.283846,1.2,1.59091283,1.49430957
101.292217,1.2,1.59154738,1.49430957
101.305432,1.2,1.58621121,1.49430957
101.313472,1.2,1.58774811,1.49430957
101.325195,1.2,1.57056498,1.49430957
101.332754,1.2,1.58907021,1.49430957
101.343453,1.2,1.58681003,1.49430957
101.353168,1.2,1.58516109,1.49430957
101.362984,1.2,1.58038692,1.49430957
101.37584,1.2,1.57554859,1.49430957
101.384141,1.2,1.5714708,1.49430957
101.392291,1.2,1.57361578,1.49430957
101.405657,1.2,1.5877295,1.49430957
101.412494,1.2,1.57458566,1.49430957
101.42532,1.2,1.55669742,1.49430957
101.434061,1.2,1.57504412,1.49430957
101.44452,1.2,1.58568576,1.49430957
101.455297,1.2,1.57785735,1.49430957
101.46427,1.2,1.54798432,1.49430957
101.47778,1.2,1.57160414,1.49430957
101.482668,1.2,1.56135629,1.49430957
101.493544,1.2,1.56087642,1.49430957
101.505814,1.2,1.54065821,1.49430957
101.511468,1.2,1.56407417,1.49430957
101.523054,1.2,1.56359004,1.49430957
101.53093,1.2,1.56599101,1.49430957
101.548343,1.2,1.57855321,1.49430957
101.552576,1.2,1.55982448,1.49430957
101.56538,1.2,1.57757858,1.49430957
101.576279,1.2,1.55655891,1.49430957
101.583883,1.2,1.52747508,1.49430957
101.592769,1.2,1.56438002,1.49430957
101.605672,1.2,1.57042305,1.49430957
101.616429,1.2,1.50778199,1.49430957
101.626377,1.2,1.55094492,1.49430957
101.638335,1.2,1.54616346,1.49430957
101.643853,1.2,1.55463476,1.49430957
101.6504,1.2,1.55329902,1.49430957
101.662882,1.2,1.55425667,1.49430957
101.673826,1.2,1.56426244,1.49430957
101.690504,1.2,1.55427131,1.49430957
101.69646,1.2,1.55588939,1.49430957
101.704699,1.2,1.54924741,1.49430957
101.712843,1.2,1.56309102,1.49430957
101.724238,1.2,1.53620339,1.49430957
101.731417,1.2,1.56778189,1.49430957
101.743795,1.2,1.5651456,1.49430957
101.755388,1.2,1.56072003,1.49430957
101.764914,1.2,1.56221714,1.49430957
101.774675,1.2,1.56096778,1.49430957
101.786422,1.2,1.55781854,1.49430957
101.792419,1.2,1.55028438,1.49430957
101.805639,1.2,1.55579006,1.49430957
101.814748,1.2,1.55887221,1.49430957
101.823363,1.2,1.55702914,1.49430957
101.833455,1.2,1.56296322,1.49430957
101.843614,1.2,1.53739132,1.49430957
101.856086,1.2,1.55171433,1.49430957
101.862615,1.2,1.51650904,1.49430957
101.872245,1.2,1.53807237,1.49430957
101.882654,1.2,1.56448137,1.49430957
101.894449,1.2,1.56148925,1.49430957
101.904712,1.2,1.57550724,1.49430957
101.913532,1.2,1.53033321,1.49430957
101.925907,1.2,1.55975662,1.49430957
101.934078,1.2,1.55969921,1.49430957
101.945963,1.2,1.56144987,1.49430957
101.954953,1.2,1.55940458,1.49430957
101.963018,1.2,1.51695322,1.49430957
101.976213,1.2,1.5569212,1.49430957
101.984602,1.2,1.56536899,1.49430957
101.993996,1.2,1.53567661,1.49430957
102.005384,1.2,1.57360339,1.49430957
102.01323,1.2,1.54193653,1.49430957
102.022879,1.2,1.54499801,1.49430957
102.032066,1.2,1.59349534,1.49430957
102.04446,1.2,1.56818457,1.49430957
102.054083,1.2,1.5636129,1.49430957
102.063157,1.2,1.55388527,1.49430957
102.075177,1.2,1.53132795,1.49430957
102.083053,1.2,1.55368163,1.49430957
102.093015,1.2,1.55294323,1.49430957
102.10322,1.2,1.54920521,1.49430957
102.113813,1.2,1.53893566,1.49430957
102.123691,1.2,1.58222498,1.49430957
102.135247,1.2,1.54571278,1.49430957
102.145256,1.2,1.55739282,1.49430957
102.162157,1.2,1.5787081,1.49430957
102.170545,1.2,1.52779258,1.49430957
102.178432,1.2,1.57406365,1.49430957
102.188029,1.2,1.55764005,1.49430957
102.192037,1.2,1.56600577,1.49430957
102.206498,1.2,1.50501054,1.49430957
102.211527,1.2,1.55432633,1.49430957
102.227357,1.49609099,1.55648357,1.49430957
102.233571,1.49609099,1.54189169,1.49430957
102.243376,1.49609099,1.58983871,1.49430957
102.255544,2.46025277,1.5743157,1.49430957
102.266065,2.66425952,1.61721632,1.49430957
102.276356,2.66425952,1.63483476,1.49430957
102.283145,2.66425952,1.67680497,1.49430957
102.294607,2.66425952,1.70037575,1.49430957
102.304218,3.2,1.77357224,1.49430957
102.316805,3.2,1.79192453,1.49430957
102.323122,3.2,1.86701356,1.49430957
102.336111,3.2,1.92567914,1.49430957
102.35058,3.2,1.97556814,1.49430957
102.355486,3.2,1.98437699,1.49430957
102.362397,3.2,2.04245295,1.49430957
102.374248,3.2,2.08218471,1.49430957
102.384737,3.2,2.10680369,1.49430957
102.391309,3.2,2.20534857,1.49430957
102.404374,3.2,2.23495487,1.49430957
102.4118,3.2,2.27631706,1.49430957
102.425863,3.2,2.31110106,1.49430957
102.434624,3.2,2.36202391,1.7340016
102.443296,3.2,2.40948456,1.7340016
102.454269,3.2,2.45389083,1.7340016
102.463357,3.2,2.50078392,1.7340016
102.476188,3.2,2.5345106,2.5145113
102.485736,3.2,2.54900813,2.67965915
102.492638,3.2,2.59039283,2.67965915
102.504794,2.8246801,2.63848674,2.67965915
102.51215,3.2,2.70005302,2.67965915
102.522726,3.2,2.70782762,3.11335259
102.533682,3.2,2.75602838,3.11335259
102.542722,3.2,2.79213927,3.11335259
102.554483,3.2,2.81812947,3.11335259
102.561706,3.2,2.88716268,3.11335259
102.573072,3.2,2.89981769,3.11335259
102.581957,3.2,2.93249808,3.11335259
102.593064,3.2,2.99800082,3.11335259
102.602815,3.2,3.01637108,3.11335259
102.613777,3.2,3.04648406,3.11335259
102.626743,3.2,3.07707148,3.11335259
102.634791,3.2,3.12301035,3.11335259
102.644522,3.2,3.16007396,3.11335259
102.653419,3.2,3.20978174,3.11335259
102.663542,3.2,3.22165395,3.11335259
102.674063,3.2,3.25598394,3.11335259
102.681579,3.2,3.27132487,3.11335259
102.692075,3.2,3.32270245,3.11335259
102.704404,3.2,3.36108375,3.11335259
102.714856,3.2,3.38478844,3.11335259
102.725385,3.2,3.43862377,2.80952306
102.734439,3.2,3.48213125,3.11335259
102.743077,3.2,3.44459053,3.11335259
102.755798,3.2,3.5064357,3.11335259
102.762782,3.2,3.54004861,3.11335259
102.77459,3.2,3.5583425,3.11335259
102.782703,3.2,3.61736408,3.11335259
102.794326,3.2,3.64394012,3.11335259
102.805703,3.2,3.65173352,3.11335259
102.814544,3.2,3.68577262,3.11335259
102.824467,3.2,3.70832321,3.11335259
102.834098,3.2,3.74104315,3.11335259
102.84341,2.74062351,3.75181722,3.11335259
102.852517,2.74062351,3.79865039,3.11335259
102.862019,2.98326662,3.82251038,3.11335259
102.877139,2.98326662,3.83626401,3.11335259
102.883384,2.89747919,3.82604471,3.11335259
102.89228,2.89747919,3.83218928,3.11335259
102.904685,2.89747919,3.82172488,3.11335259
102.913992,2.89747919,3.80564606,3.11335259
102.924445,2.89747919,3.79698806,3.11335259
102.931686,2.89747919,3.81888922,3.11335259
102.942497,2.83208067,3.79407883,3.11335259
102.954682,2.83208067,3.80652083,3.11335259
102.964809,2.83208067,3.81650214,3.11335259
102.973712,2.83208067,3.8031757,3.11335259
102.983387,2.79722204,3.79459707,3.11335259
102.99511,1.46535098,3.78002761,3.11335259
103.004215,1.46535098,3.77006756,3.11335259
103.013639,1.46535098,3.75304982,3.11335259
103.024316,0,3.78458833,3.11335259
103.03466,0,3.75363079,3.11335259
103.043437,0,3.6343725,3.11335259
103.052446,0,3.57700472,3.11335259
103.062703,0,3.56331382,3.11335259
103.074288,0,3.45266221,2.93790226
103.085216,0,3.43247193,2.93790226
103.092611,0,3.36539637,2.93790226
103.102498,0,3.27511719,2.86845549
103.113476,0,3.25891275,2.86845549
103.124291,0,3.20995818,2.86845549
103.131995,0,3.16745751,2.86845549
103.144929,-0.3,3.08287617,2.86845549
103.152755,-0.3,3.03784483,2.86845549
103.163978,-0.3,2.98317038,2.81551399
103.176544,-0.3,2.9433083,2.81551399
103.184904,-0.3,2.86791161,2.81551399
103.194085,-0.3,2.79961144,2.81551399
103.203337,-0.3,2.6453089,2.78729517
103.214219,-0.3,2.71810248,1.7091169
103.223858,-0.3,2.687892,1.7091169
103.232773,-0.3,2.5163795,1.7091169
103.241797,-0.3,2.52338804,0.522883756
103.25414,-0.3,2.4311328,0.522883756
103.265553,-0.3,2.29481858,0.522883756
103.273397,-0.3,2.25934323,0.522883756
103.282479,-0.3,2.15126023,0.522883756
103.296656,-0.3,2.09672087,0.522883756
103.307287,-0.3,2.05907211,0.522883756
103.318049,-0.3,2.06273325,0.522883756
103.324431,-0.3,2.09362492,0.522883756
103.335153,-0.3,1.9570296,0.522883756
103.345059,-0.3,1.84182267,0.522883756
103.361976,-0.3,1.91817853,0.280027302
103.371416,-0.3,1.82070132,0.280027302
103.377262,-0.3,1.70383915,0.280027302
103.38624,-0.3,1.6817751,0.280027302
103.394199,-0.3,1.56496835,0.280027302
103.40546,-0.3,1.52363632,0.280027302
103.414002,-0.3,1.48374411,0.280027302
103.42383,-0.3,1.36371513,0.280027302
103.43421,-0.3,1.3214205,0.280027302
103.444994,-0.3,1.26872068,0.280027302
103.453273,-0.3,1.24771256,0.280027302
103.464899,-0.3,1.18837703,0.280027302
103.476166,-0.3,1.08856313,0.280027302
103.486762,-0.3,1.10067221,0.280027302
103.49519,-0.3,0.976374968,0.280027302
103.529433,-0.3,0.952174711,0.280027302
103.536549,-0.3,0.852914254,0.280027302
103.536579,-0.3,0.821952022,0.280027302
103.543136,-0.3,0.798469026,0.280027302
103.553298,-0.3,0.81718274,0.280027302
103.560036,-0.3,0.65739378,0.280027302
103.567454,-0.3,0.705928274,0.280027302
103.575378,-0.3,0.608692285,0.280027302
103.583719,-0.3,0.530219671,0.280027302
103.592433,-0.3,0.480579283,0.280027302
103.6037,-0.3,0.474284878,0.280027302
103.615352,-0.3,0.306012003,0.280027302
103.623964,-0.3,0.373001027,0.280027302
103.634005,-0.3,0.285380972,0.280027302
103.643979,-0.3,0.255336208,0.280027302
103.654709,-0.3,0.170395256,0.280027302
103.663147,-0.3,0.0949688352,0.280027302
103.672088,-0.3,0.0906218874,0.280027302
103.683931,-0.3,0.0196007934,0.280027302
103.692796,-0.3,-0.0506749359,0.280027302
103.707234,-0.3,-0.121596701,0.280027302
103.714356,-0.3,-0.150443382,0.280027302
103.726696,-0.3,-0.145455561,0.280027302
103.73436,-0.3,-0.199571204,0.280027302
103.746237,-0.3,-0.267437323,0.280027302
103.754514,-0.3,-0.353090173,0.280027302
103.764226,-0.3,-0.271178284,0.280027302
103.773889,-0.3,-0.386452935,0.280027302
104.859271,1.2,2.13373446,3.11335259
104.872033,1.2,2.13082188,3.11335259
104.880463,1.2,2.0896669,3.11335259
104.891602,1.2,2.04270133,3.11335259
104.897764,1.2,1.9427939,3.11335259
104.908997,1.2,1.93120003,3.11335259
104.918073,1.2,1.86013165,3.11335259
104.931995,1.2,1.82268357,3.11335259
104.939917,1.2,1.75479909,3.11335259
104.951271,1.2,1.74350216,2.7302475
104.960788,1.2,1.67832576,2.60278497
104.970381,1.2,1.65322342,2.60278497
104.979869,1.2,1.6193608,2.60278497
104.990121,1.2,1.59899682,2.03899183
105.000828,1.43550403,1.56632267,2.03899183
105.006916,1.43550403,1.55051684,2.03899183
105.01662,1.43550403,1.5213643,2.03899183
105.028396,1.43550403,1.53163867,2.03899183
105.03964,1.43550403,1.52717196,2.03899183
105.04558,1.43550403,1.51651033,2.03899183
105.05663,1.902674,1.49106757,1.62802801
105.065046,1.902674,1.49671344,1.49430957
105.078071,1.902674,1.57660958,1.49430957
105.083836,1.902674,1.58907402,1.49430957
105.093047,1.902674,1.6131194,1.49430957
105.104395,2.53627444,1.71717631,1.49430957
105.119364,1.2,1.77300595,1.49430957
105.130084,1.2,1.75772874,1.49430957
105.136684,1.2,1.81237789,1.49430957
105.14211,1.2,1.85457265,1.49430957
105.154613,1.2,1.88546229,1.49430957
105.16258,1.2,1.87610887,1.49430957
105.171685,1.2,1.84777189,1.49430957
105.18379,3.2,1.80563621,1.49430957
105.192626,3.2,1.76123901,1.49430957
105.203191,3.2,1.68515086,1.49430957
105.212145,3.2,1.67450591,1.49430957
105.222531,3.2,1.73802126,1.68495515
105.233327,3.2,1.74807347,1.68495515
105.24476,3.2,1.79491403,1.68495515
105.253714,3.19434601,1.84111583,1.68495515
105.264037,3.19434601,1.91134512,1.68495515
105.275283,3.19434601,1.92427971,2.06313929
105.283062,1.2,1.98583704,2.06313929
105.299901,1.2,2.00074358,2.06313929
105.309801,1.2,2.04956306,2.06313929
105.319136,1.2,2.11340106,2.57605248
105.327146,1.2,2.10485532,2.57605248
105.332877,1.2,2.06636968,1.49430957
105.347838,1.2,1.98699064,1.49430957
105.361936,1.2,1.90999773,1.49430957
105.370419,1.2,1.86144695,1.49430957
105.377505,1.2,1.80792084,1.49430957
105.382349,1.2,1.77683072,1.49430957
105.392181,1.2,1.73035449,1.49430957
105.400455,1.2,1.70465127,3.11335259
105.411629,1.2,1.66210723,3.11335259
105.423151,1.2,1.63219498,3.11335259
105.433392,1.2,1.59262229,3.11335259
105.441923,1.2,1.58687217,3.11335259
105.454356,1.2,1.55249778,3.11335259
105.464201,1.2,1.5314967,3.11335259
105.475074,1.2,1.51702293,3.10877556
105.484889,1.2,1.47155713,3.10877556
105.494019,1.2,1.46547216,3.10877556
105.50344,1.2,1.46636973,1.49430957
105.515728,1.2,1.45637808,1.49430957
105.524727,1.2,1.46291308,1.49430957
105.53536,1.2,1.42403694,1.49430957
105.54266,1.2,1.45787212,1.49430957
105.552637,1.2,1.413519,1.49430957
105.561869,1.2,1.38663597,1.49430957
105.57276,1.2,1.42881413,1.49430957
105.584193,1.2,1.38968634,1.49430957
105.593629,1.2,1.3983198,1.49430957
105.604955,1.2,1.37953794,1.49430957
105.6143,1.2,1.43393905,1.49430957
105.6255,1.2,1.40413666,1.49430957
105.634329,1.39061003,1.42404524,1.49430957
105.648052,1.39061003,1.44175622,1.49430957
105.65824,1.39061003,1.46006681,1.49430957
105.665887,1.39061003,1.48371887,1.49430957
105.67427,1.53489965,1.5213246,1.49430957
105.686679,1.53489965,1.56205484,1.49430957
105.694221,1.53489965,1.54264725,1.49430957
105.703606,1.53489965,1.61761039,1.49430957
105.737959,1.53489965,1.65894192,1.49430957
105.746503,1.71799645,1.70670744,1.49430957
105.746521,1.71799645,1.73135128,1.49430957
105.746578,1.71799645,1.76319426,1.49430957
105.757226,1.2,1.8634933,1.49430957
105.76382,1.2,1.82681929,1.49430957
105.774225,1.2,1.8176985,1.49430957
105.7831,1.2,1.81800455,1.49430957
105.793252,1.2,1.77500719,1.49430957
105.803592,1.2,1.80978704,1.49430957
105.813526,1.2,1.777655,1.49430957
105.822042,1.2,1.736366,1.49430957
105.834085,1.2,1.72387836,1.49430957
105.846109,1.2,1.69185542,1.49430957
105.857621,1.2,1.65489789,1.64861249
105.863588,1.2,1.6079666,1.64861249
105.874041,1.2,1.61092766,1.64861249
105.884944,1.2,1.59155794,1.64861249
105.915748,1.2,1.54021519,1.76541804
105.947656,1.2,1.53471472,1.76541804
105.947878,1.2,1.51845227,1.76541804
105.953977,1.2,1.48697806,1.76541804
105.95399,1.2,1.5014477,1.76541804
105.954117,1.2,1.47462926,1.76541804
105.961075,2.11138194,1.45052429,1.91363884
105.970545,2.11138194,1.45810789,1.91363884
105.97835,2.11138194,1.45023879,1.49430957
105.98677,2.11138194,1.49199207,1.49430957
105.993238,2.11138194,1.52154152,1.49430957
106.004478,2.11138194,1.57078047,1.49430957
106.021472,2.11138194,1.60308172,1.49430957
106.026939,2.11138194,1.66686409,1.49430957
107.05225,1.2,1.56464071,1.49430957
107.063735,1.2,1.54283962,1.49430957
107.073592,1.2,1.54269651,1.49430957
107.083825,1.2,1.58163885,1.49430957
107.093438,1.2,1.5179032,1.49430957
107.10302,1.2,1.56424655,1.49430957
107.112853,1.2,1.52441016,1.49430957
107.124958,1.2,1.5163402,1.49430957
107.133659,1.2,1.53849186,1.49430957
107.144533,1.2,1.55243761,1.49430957
107.153151,1.2,1.48981023,1.49430957
107.163654,1.2,1.55234764,1.49430957
107.173276,1.2,1.55212405,1.49430957
107.183956,1.2,1.55309913,1.49430957
107.194326,1.2,1.52895962,1.49430957
107.203012,1.2,1.55121774,1.49430957
107.213269,1.2,1.542118,1.49430957
107.22324,3.4,1.5395752,1.49430957
107.236389,3.4,1.54633426,1.49430957
107.243865,3.4,1.53655432,1.49430957
107.251942,3.4,1.54970818,1.49430957
107.265296,3.4,1.58350694,1.49430957
107.274241,3.4,1.61579168,1.49430957
107.286165,3.4,1.65102115,1.49430957
107.293342,3.4,1.68258897,1.49430957
107.303411,3.4,1.71898375,1.49430957
107.314178,3.4,1.81680539,1.49430957
107.324679,3.4,1.85542628,1.49430957
107.334593,3.4,1.90794925,1.49430957
107.345771,3.4,1.93845063,1.49430957
107.352975,3.4,1.98258201,1.49430957
107.366585,3.4,2.05659002,1.49430957
107.37323,3.4,2.07712776,1.49430957
107.385706,3.4,2.13005506,1.49430957
107.391113,3.4,2.16782594,1.49430957
107.402224,3.4,2.21665208,1.49430957
107.412991,3.4,2.23544771,1.49430957
107.426343,3.4,2.30251995,1.49430957
107.434519,2.49573139,2.34310699,1.49430957
107.444028,2.49573139,2.39969835,3.2752569
107.453519,2.49573139,2.44695035,3.2752569
107.465521,2.49573139,2.46324801,3.2752569
107.473794,2.49573139,2.50178369,3.2752569
107.483867,1.94443057,2.50720872,3.2752569
107.491913,1.2,2.53897637,3.2752569
107.506732,1.2,2.55110464,3.2752569
107.514011,1.2,2.53445341,3.2752569
107.52622,1.2,2.57012344,3.2752569
107.533982,1.2,2.52276871,3.2752569
107.544099,1.2,2.46940918,3.2752569
107.557121,1.2,2.37637739,3.2752569
107.564712,1.2,2.34918149,3.2752569
107.575406,1.2,2.29700375,3.2752569
107.585395,1.2,2.24813923,3.2752569
107.59499,1.2,2.19256459,3.2752569
107.603883,1.2,2.14946296,3.2752569
107.61437,1.2,2.10739988,3.2752569
107.623275,1.2,2.05251455,3.2752569
107.63309,1.2,2.01589167,3.2752569
107.641285,1.2,1.96273407,3.2752569
107.651691,1.2,1.91364179,2.543232
107.662367,1.2,1.867349,2.543232
107.671876,1.2,1.87366609,2.543232
107.682865,1.2,1.77907966,2.543232
107.691977,1.2,1.72945668,2.543232
107.705828,1.2,1.78269177,2.09694213
107.713604,1.2,1.60267718,1.49430957
107.722325,1.2,1.68683324,1.49430957
107.735473,1.2,1.60359586,1.49430957
107.745279,1.2,1.56434451,1.49430957
107.754183,1.2,1.57024438,1.49430957
107.765961,1.2,1.54599698,1.49430957
107.77466,1.2,1.51664349,1.49430957
107.785282,1.2,1.51498098,1.49430957
107.792858,1.2,1.51469221,1.49430957
107.807099,1.2,1.45503638,1.49430957
107.812546,1.2,1.47711863,1.49430957
107.823702,1.2,1.45080052,1.49430957
107.832993,1.2,1.46617094,1.49430957
107.846369,1.2,1.43241577,1.49430957
107.853381,1.2,1.44789486,1.49430957
107.865549,1.2,1.41195012,1.49430957
107.872991,1.2,1.4354614,1.49430957
107.884886,1.2,1.42592467,1.49430957
107.894592,1.2,1.41058984,1.49430957
107.903924,1.2,1.44819698,1.49430957
107.912885,1.2,1.42258037,1.49430957
107.923058,1.2,1.45717244,1.49430957
107.933302,1.2,1.47373069,1.49430957
107.945397,1.2,1.49056911,1.49430957
107.960727,1.2,1.50078197,1.49430957
107.966955,1.2,1.51473889,1.49430957
107.974768,1.2,1.51685096,1.49430957
107.982776,1.2,1.51809603,1.49430957
107.993059,1.2,1.53531708,1.49430957
108.002311,1.2,1.54058176,1.49430957
108.016097,1.2,1.54189016,1.49430957
108.02519,1.2,1.55276942,1.49430957
108.033666,1.2,1.53991936,1.49430957
108.043324,1.2,1.56344879,1.49430957
108.053337,1.2,1.55800654,1.49430957
108.065453,1.2,1.58257556,1.49430957
108.075074,1.2,1.55429437,1.49430957
108.086974,1.2,1.58173315,1.49430957
108.095236,1.2,1.54929741,1.49430957
108.102897,1.2,1.57043073,1.49430957
108.112792,1.2,1.56601771,1.49430957
108.1229,1.2,1.56785317,1.49430957
108.13204,1.2,1.53684951,1.49430957
108.142448,1.2,1.60822542,1.49430957
108.155238,1.2,1.56829267,1.49430957
108.162462,1.2,1.55546744,1.49430957
108.174872,1.2,1.55474576,1.49430957
108.182819,1.2,1.57331158,1.49430957
108.190675,1.2,1.57388867,1.49430957
108.205317,1.2,1.51429406,1.49430957
108.214793,1.2,1.57062023,1.49430957
108.223306,1.2,1.55782028,1.49430957
108.233202,1.2,1.57546847,1.49430957
108.241248,1.2,1.56404592,1.49430957
108.254275,1.2,1.56202412,1.49430957
108.262996,1.2,1.55877966,1.49430957
108.274592,1.2,1.53931432,1.49430957
108.286421,1.2,1.56164964,1.49430957
108.292653,1.2,1.56838,1.49430957
108.305974,1.2,1.56422468,1.49430957
108.313207,1.2,1.5662682,1.49430957
108.322572,1.2,1.55647314,1.49430957
108.33737,1.2,1.54387968,1.49430957
108.347762,1.2,1.55174542,1.49430957
108.356902,1.2,1.55610033,1.49430957
108.363389,1.2,1.57909381,1.49430957
108.373573,1.2,1.56522339,1.49430957
108.387251,1.42853898,1.54092768,1.49430957
108.394426,1.42853898,1.58037491,1.49430957
108.404189,1.42853898,1.56081942,1.49430957
108.415266,1.42853898,1.55848347,1.49430957
108.426818,1.42853898,1.57173728,1.49430957
108.43434,1.42853898,1.59358771,1.49430957
108.444815,3.4,1.58396203,1.49430957
108.453686,3.4,1.64093862,1.49430957
108.464848,1.2,1.66862729,1.49430957
108.475102,1.2,1.73097974,1.49430957
108.48452,1.2,1.74037339,1.49430957
108.49307,1.2,1.73921656,1.49430957
108.505026,1.2,1.73960251,1.49430957
108.517684,1.2,1.74595611,1.49430957
108.526782,1.2,1.7366594,1.49430957
108.531976,1.2,1.70074353,1.49430957
108.543438,1.2,1.71326052,1.49430957
108.55297,1.2,1.69564855,1.49430957
108.56494,1.2,1.73445216,1.49430957
108.573311,1.2,1.66840308,1.49430957
108.582291,1.2,1.68375599,1.49430957
108.594477,1.2,1.65660136,1.49430957
108.606753,1.2,1.6600828,1.49430957
108.620948,1.2,1.62174767,1.67931679
108.629133,1.2,1.62992644,1.67931679
108.637957,1.2,1.61413247,1.67931679
108.646796,1.2,1.58706988,1.67931679
108.653385,1.2,1.59014429,1.67931679
108.663415,1.2,1.62187139,3.2752569
108.67444,1.2,1.54548661,1.49430957
108.687571,1.2,1.55320942,1.49430957
108.693164,1.2,1.55095642,1.49430957
108.704845,1.2,1.54993318,1.49430957
108.715172,1.2,1.53425175,1.49430957
108.72252,1.2,1.50228557,1.49430957
108.731701,1.2,1.4792459,1.49430957
108.744171,1.2,1.48966726,1.49430957
108.753613,1.2,1.48222751,1.49430957
108.765787,1.2,1.4753423,1.49430957
108.773521,1.2,1.4784051,1.49430957
108.786622,1.2,1.45796324,1.49430957
108.7944,1.2,1.46599427,1.49430957
108.802963,1.2,1.45706462,1.49430957
108.814849,1.2,1.43809416,1.49430957
108.826245,1.2,1.46092722,1.49430957
108.83522,1.2,1.50916292,1.49430957
108.842111,1.2,1.48912263,1.49430957
108.853746,1.2,1.46508452,1.49430957
108.86338,1.2,1.50159906,1.49430957
108.874024,1.2,1.51748094,1.49430957
108.886424,1.2,1.53033097,1.49430957
108.894185,1.2,1.52783341,1.49430957
108.902985,1.2,1.55455607,1.49430957
108.913279,1.2,1.55281757,1.49430957
108.922616,1.2,1.56148864,1.49430957
108.933105,1.2,1.55471085,1.49430957
108.943413,1.2,1.58364781,1.49430957
108.952491,1.2,1.58217402,1.49430957
108.964107,1.2,1.57629517,1.49430957
108.973188,1.2,1.57346274,1.49430957
108.982638,1.2,1.5732109,1.49430957
108.992862,1.2,1.57809553,1.49430957
109.006228,1.2,1.56656323,1.49430957
109.014305,1.2,1.57361241,1.49430957
109.023579,1.2,1.57297706,1.49430957
109.03435,1.2,1.57285869,1.49430957
109.04206,1.2,1.567673,1.49430957
109.054505,1.2,1.55680299,1.49430957
109.064524,1.2,1.57757043,1.49430957
109.072364,1.2,1.57913404,1.49430957
109.081611,1.2,1.56072926,1.49430957
109.09349,1.2,1.55763811,1.49430957
109.102692,1.2,1.56625525,1.49430957
109.11374,1.2,1.5635472,1.49430957
109.124262,1.2,1.56906581,1.49430957
109.131428,1.2,1.55191484,1.49430957
109.186212,1.2,1.55924274,1.49430957
109.200465,1.2,1.57362409,1.49430957
109.208283,1.2,1.56184075,1.49430957
109.217088,1.2,1.55522876,1.49430957
109.25793,1.2,1.56899498,1.49430957
109.267463,1.2,1.56163466,1.49430957
109.296082,1.2,1.54112518,1.49430957
109.315762,1.2,1.5425271,1.49430957
109.416941,1.2,1.51712228,1.49430957
109.466488,1.2,1.54491762,1.49430957
109.526842,1.2,1.5627092,1.49430957
109.53712,1.2,1.52962345,1.49430957
109.545867,1.2,1.53428818,1.49430957
109.606161,1.2,1.54616457,1.49430957
109.69072,1.2,1.54973047,1.49430957
109.725885,1.2,1.55465001,1.49430957
109.755821,1.2,1.54558639,1.49430957
109.815238,1.2,1.53689903,1.49430957
109.856189,1.2,1.55671239,1.49430957
109.867156,1.2,1.5359841,1.49430957
109.877923,1.2,1.55794261,1.49430957
109.88602,1.2,1.53547814,1.49430957
109.905337,1.2,1.54175961,1.49430957
109.915693,1.2,1.54793693,1.49430957
109.945867,1.2,1.57181894,1.49430957
109.985605,1.2,1.53299806,1.49430957
109.995868,1.2,1.53512582,1.49430957
110.045754,1.2,1.5198474,1.49430957
110.19404,3.4,1.98258862,1.49430957
110.20387,3.4,2.0050129,1.49430957
110.216693,3.4,2.08383758,1.49430957
110.227543,3.4,2.13794968,1.49430957
110.234522,3.4,2.16385508,1.49430957
110.247665,3.4,2.19582264,1.49430957
110.254083,3.4,2.25307263,1.49430957
110.264532,3.4,2.30235164,1.49430957
110.275892,3.4,2.34982707,1.77875793
110.281922,3.4,2.36429709,1.77875793
110.297113,3.4,2.4245248,1.77875793
110.304756,3.4,2.47564487,1.77875793
110.314447,3.4,2.52843802,1.77875793
110.323269,3.12547975,2.55598002,2.6207223
110.332631,3.12547975,2.60992563,2.6207223
110.352478,3.12547975,2.62233576,3.2752569
110.357192,3.12547975,2.70345185,3.2752569
110.364713,3.12547975,2.72759617,3.2752569
110.373059,2.94077153,2.7628266,3.2752569
110.382201,3.4,2.82150655,3.2752569
110.394883,3.4,2.84193855,3.2752569
110.405322,3.4,2.94110874,3.2752569
110.412578,3.4,2.92327273,3.2752569
110.422616,3.4,2.98284521,3.2752569
110.432858,3.4,3.03337085,3.2752569
110.444099,3.4,3.08843919,3.2752569
110.452228,3.4,3.12416495,3.2752569
110.466358,3.4,3.17946342,3.2752569
111.973699,-0.3,-0.427207671,0.280027302
111.985481,-0.3,-0.403783582,0.280027302
111.994292,-0.3,-0.432391075,0.280027302
112.002177,-0.3,-0.435849615,0.280027302
112.013904,-0.3,-0.438424101,0.280027302
112.02333,-0.3,-0.437298097,0.280027302
112.032724,-0.3,-0.471561291,0.280027302
112.04345,-0.3,-0.444073738,0.280027302
112.052743,2.13662451,-0.44169307,0.280027302
112.063239,2.13662451,-0.439744065,0.280027302
112.071466,1.2,-0.443379213,0.280027302
112.082989,1.2,-0.428832522,0.280027302
112.09376,1.2,-0.374524448,0.280027302
112.103887,1.2,-0.332970041,0.280027302
112.116146,1.2,-0.261247502,0.280027302
112.124049,1.2,-0.23632827,0.280027302
112.140081,1.2,-0.153775217,0.280027302
112.144797,1.2,-0.155819569,0.280027302
112.155095,1.2,-0.0940525462,0.280027302
112.166281,1.2,-0.0204712101,0.280027302
112.17272,1.2,0.0141821685,0.280027302
112.18338,1.2,0.0689847472,0.280027302
112.194293,1.2,0.0862742982,0.280027302
112.208579,1.2,0.1584977,0.280027302
112.214976,1.2,0.280404569,0.280027302
112.224275,1.2,0.236104852,0.280027302
112.234961,1.2,0.27938308,0.280027302
112.245895,1.2,0.397503458,0.280027302
112.254329,1.2,0.405731571,0.280027302
112.264094,1.2,0.359820435,0.280027302
112.274934,1.2,0.594369515,2.25252726
112.282588,1.2,0.530098956,2.25252726
112.296221,1.2,0.593596624,1.49430957
112.302393,1.2,0.641824367,1.49430957
112.314309,1.2,0.676592654,1.49430957
112.323728,1.2,0.741327128,1.49430957
112.331571,1.2,0.865810588,1.49430957
112.344358,1.2,0.842330689,1.49430957
112.352892,1.2,0.875377529,1.49430957
112.364311,1.2,0.904579253,1.49430957
112.371733,1.2,0.920481584,1.49430957
112.381443,1.2,1.01003922,1.49430957
112.397902,1.2,1.02027227,1.49430957
112.404136,1.2,1.09561814,1.49430957
112.414438,1.2,1.14787927,1.49430957
112.424697,1.2,1.15692024,1.49430957
112.432378,1.2,1.14775027,1.49430957
112.445843,1.2,1.17320371,1.49430957
112.450956,1.2,1.23741976,1.49430957
112.463773,1.2,1.23262149,1.49430957
112.477358,1.2,1.27472734,1.49430957
112.487458,1.2,1.32838006,1.49430957
112.500831,1.2,1.35101002,1.49430957
112.509443,1.2,1.32592614,1.49430957
112.518657,1.2,1.40033475,1.49430957
112.525889,1.2,1.42441289,1.49430957
112.534736,1.2,1.44171998,1.49430957
112.543245,1.2,1.49689601,1.49430957
112.554524,1.2,1.47454868,1.49430957
112.568453,1.41068351,1.4812392,1.49430957
112.573757,1.41068351,1.52885562,1.49430957
112.582002,1.41068351,1.51225668,1.49430957
112.595992,1.41068351,1.53988984,1.49430957
112.604558,1.41068351,1.51667631,1.49430957
112.617373,1.81416708,1.56905594,1.49430957
112.624083,1.81416708,1.57637933,1.49430957
112.635121,1.81416708,1.55712645,1.49430957
112.643391,1.81416708,1.61875029,1.49430957
112.65251,2.35045792,1.61022938,1.49430957
112.662333,2.35045792,1.60546304,1.49430957
112.673128,2.35045792,1.64760166,1.49430957
112.683339,2.35045792,1.65050107,1.49430957
112.693711,2.35045792,1.67402824,1.49430957
112.704787,2.71523148,1.67417076,1.49430957
112.717215,2.78319359,1.73437708,1.49430957
112.727177,2.78319359,1.69388684,1.49430957
112.735602,2.78319359,1.75137396,1.49430957
112.745617,2.78319359,1.7458115,1.49430957
112.754055,3.03782108,1.75073765,1.49430957
112.762773,3.03782108,1.77375169,1.49430957
112.771791,3.03782108,1.78979648,1.49430957
112.791898,3.03782108,1.82780144,1.66486241
112.800809,3.22624858,1.82783002,1.66486241
112.806346,3.22624858,1.82943939,1.66486241
112.814784,3.22624858,1.85235028,1.66486241
112.823945,3.22624858,1.91225108,1.66486241
112.833769,3.22624858,1.91509469,1.99149103
112.848871,3.4,1.92681881,1.99149103
112.855798,3.4,1.98388629,1.99149103
112.865633,1.49559319,2.01403187,1.99149103
112.874978,1.49559319,1.99997449,2.42563
112.891137,1.62286624,1.99198227,2.42563
112.901936,1.62286624,2.0730884,2.42563
112.909016,1.62286624,2.03676479,2.42563
112.917305,1.62286624,1.99488247,2.42563
112.923962,1.62286624,2.03208041,2.72092205
112.943892,1.83970669,2.02701651,2.77593884
112.949844,1.83970669,2.00638682,2.77593884
112.957204,1.83970669,1.96688842,2.77593884
112.965296,1.83970669,1.99291991,2.77593884
112.97461,1.83970669,1.95782148,2.98206527
112.981706,2.09480543,1.97144192,2.98206527
112.995357,2.65804833,1.96260672,2.98206527
113.00255,2.65804833,1.98488584,2.98206527
113.020312,2.65804833,1.95487917,3.13460138
113.031094,2.65804833,2.02131644,3.13460138
113.040678,2.9796372,2.032468,3.13460138
113.047427,2.9796372,2.05251345,3.13460138
113.052665,2.9796372,2.06919368,3.13460138
113.062423,2.9796372,2.13805104,3.13460138
113.07203,3.22812012,2.16405667,3.2752569
113.082655,0,2.2096978,1.73359862
113.095025,0,2.21312718,1.73359862
113.103863,0,2.309117,1.7895577
113.114487,0,2.25603426,1.83662889
113.122479,0,2.29268416,1.83662889
113.139771,0,2.32588515,1.83662889
113.150869,0,2.30585931,2.0121659
113.157034,0,2.2800616,2.0121659
113.171347,0,2.29476782,2.0121659
113.180847,0,2.20645116,2.0121659
113.188373,0,2.06423051,2.0121659
113.197843,0,2.08473052,2.21867381
113.204024,0,1.96075923,2.21867381
113.212592,-0.3,1.93815862,2.67463106
113.228435,-0.3,1.83781345,2.67463106
113.234754,-0.3,1.7525435,2.67463106
113.2441,-0.3,1.83092626,2.67463106
113.254484,-0.3,1.71366305,2.67463106
113.265336,-0.3,1.66048838,2.93496417
113.276197,-0.3,1.59644196,2.93496417
113.283356,-0.3,1.54686139,2.93496417
113.293726,-0.3,1.51095542,3.13611644
113.30613,-0.3,1.46018973,0.522883756
113.316671,-0.3,1.35074457,0.522883756
113.325174,-0.3,1.38648321,0.522883756
113.333935,-0.3,1.25520174,0.522883756
113.345482,-0.3,1.26458682,0.522883756
113.354461,-0.3,1.18314493,0.522883756
113.367695,-0.3,1.13905436,0.522883756
113.376899,-0.3,1.08881293,0.522883756
113.382062,-0.3,1.03210944,0.522883756
113.396236,-0.3,0.958536854,0.522883756
113.40297,-0.3,0.913860401,0.522883756
113.416875,-0.3,0.924984139,0.522883756
113.424554,-0.3,0.775504049,0.522883756
113.43289,-0.3,0.751316085,0.280027302
113.443204,-0.3,0.769005657,0.280027302
113.451908,-0.3,0.618560913,0.280027302
113.465256,-0.3,0.601961858,0.280027302
113.472509,-0.3,0.539751462,0.280027302
113.484092,-0.3,0.465440869,0.280027302
113.49447,-0.3,0.429274318,0.280027302
113.503236,-0.3,0.401825297,0.280027302
113.515472,-0.3,0.332590622,0.280027302
113.523772,-0.3,0.240449598,0.280027302
113.533891,-0.3,0.173146865,0.280027302
113.544632,-0.3,0.136527258,0.280027302
113.552238,-0.3,0.0632736269,0.280027302
113.562065,-0.3,0.0269602067,0.280027302
113.574503,-0.3,-0.0279258026,0.280027302
113.584201,-0.3,-0.0634792692,0.280027302
113.593969,-0.3,-0.143370657,0.280027302
113.605431,-0.3,-0.155824192,0.280027302
113.613306,-0.3,-0.265621716,0.280027302
113.624424,-0.3,-0.296746581,0.280027302
113.632815,-0.3,-0.302817019,0.280027302
113.645181,-0.3,-0.418794957,0.280027302
113.653379,-0.3,-0.342304348,0.280027302
113.663408,-0.3,-0.482582277,0.280027302
113.67295,-0.3,-0.492032437,0.280027302
113.683059,-0.3,-0.504815227,0.280027302
113.693361,-0.3,-0.512925204,0.280027302
113.703216,-0.3,-0.518445346,0.280027302
113.712673,-0.3,-0.501733798,0.280027302
113.724165,-0.3,-0.557684319,0.280027302
113.733199,-0.3,-0.564768957,0.280027302
113.74359,-0.3,-0.518866006,0.280027302
113.752631,-0.3,-0.496383683,0.280027302
113.762638,-0.3,-0.495384279,0.280027302
113.773029,-0.3,-0.509404292,0.280027302
113.783468,-0.3,-0.566917131,0.280027302
113.794652,-0.3,-0.449496319,0.280027302
113.802525,-0.3,-0.493854766,0.280027302
113.812128,-0.3,-0.481308208,0.280027302
113.822502,-0.3,-0.529267929,0.280027302
113.836035,-0.3,-0.504287877,0.280027302
113.843665,-0.3,-0.42964043,0.280027302
113.853382,-0.3,-0.48470735,0.280027302
113.865394,-0.3,-0.46309388,0.280027302
113.872798,-0.3,-0.416171059,0.280027302
113.881719,-0.3,-0.485440775,0.280027302
113.897468,-0.3,-0.460683127,0.280027302
113.904241,-0.3,-0.440406959,0.280027302
113.916125,-0.3,-0.446233508,0.280027302
113.92345,-0.3,-0.477986492,0.280027302
113.932741,-0.3,-0.400620722,0.280027302
113.943755,-0.3,-0.456676646,0.280027302
113.952935,-0.3,-0.404386376,0.280027302
113.964728,-0.3,-0.389850458,0.280027302
113.97293,-0.3,-0.440281821,0.280027302
113.985152,-0.3,-0.402637605,0.280027302
113.995168,-0.3,-0.445894852,0.280027302
114.001501,-0.3,-0.382346264,0.280027302
114.013217,-0.3,-0.446473226,0.280027302
114.026199,-0.3,-0.375349968,0.280027302
114.034698,-0.3,-0.403794717,0.280027302
114.042866,-0.3,-0.386590412,0.280027302
114.054672,-0.3,-0.431599882,0.280027302
114.063796,-0.3,-0.400000482,0.280027302
114.072593,-0.3,-0.371116147,0.280027302
114.085588,-0.3,-0.381932482,0.280027302
114.09194,-0.3,-0.381199416,0.280027302
114.104229,-0.3,-0.42879423,0.280027302
114.112778,-0.3,-0.326764809,0.280027302
114.126173,-0.3,-0.374662052,0.280027302
114.136164,-0.3,-0.361455195,0.280027302
114.144521,-0.3,-0.357061456,0.280027302
114.151915,-0.3,-0.370494059,0.280027302
114.16228,-0.3,-0.374039685,0.280027302
114.173084,-0.3,-0.365106333,0.280027302
114.182217,-0.3,-0.403440984,0.280027302
114.196487,-0.3,-0.328332992,0.280027302
114.206328,-0.3,-0.427466199,0.280027302
114.220909,-0.3,-0.359618381,0.280027302
114.226327,-0.3,-0.421670864,0.280027302
114.235213,-0.3,-0.419719266,0.280027302
114.242472,-0.3,-0.391801688,0.280027302
114.254203,-0.3,-0.375892336,0.280027302
114.264096,-0.3,-0.452086319,0.280027302
114.273908,-0.3,-0.433602682,0.280027302
114.282654,-0.3,-0.439971303,0.280027302
114.292503,-0.3,-0.435956247,0.280027302
114.306744,3.4,-0.424135947,0.280027302
114.323335,3.4,-0.392690235,0.280027302
114.3302,3.4,-0.497952376,0.280027302
114.337858,3.4,-0.365142172,0.280027302
114.351599,3.4,-0.409257595,0.280027302
114.357968,3.4,-0.226569817,0.280027302
114.364542,3.4,-0.281171012,0.280027302
114.372436,3.4,-0.230434643,0.280027302
114.384339,3.4,-0.10624557,0.280027302
114.392165,3.4,-0.0401209089,0.280027302
114.405082,3.4,-0.0382053893,0.280027302
114.41418,3.4,0.0178174588,0.280027302
114.424159,3.4,0.0255046862,0.280027302
114.433235,3.39472822,0.162745857,0.280027302
114.444527,3.39472822,0.171693032,0.280027302
114.45476,3.39472822,0.22703027,0.280027302
114.463614,3.39472822,0.35276516,0.280027302
114.472723,3.39187773,0.294693689,0.280027302
114.48316,3.39187773,0.359554595,0.280027302
114.493039,3.39187773,0.476478751,0.280027302
114.501673,3.39187773,0.456555306,0.280027302
114.51287,3.39187773,0.57515026,0.280027302
114.525224,3.37765168,0.551850028,3.2752569
114.531412,3.37765168,0.624467093,3.2752569
114.545466,3.37765168,0.736325192,3.2752569
114.554766,3.4,0.646928161,3.2752569
114.562958,3.4,0.769588265,3.2752569
114.574211,3.4,0.874107692,3.2752569
114.582158,3.4,0.866590406,3.2752569
114.593875,3.4,0.947743622,3.2752569
114.612654,3.4,0.978626514,3.2752569
114.618197,3.4,1.02665589,3.2752569
114.623906,3.4,1.05171075,3.2752569
114.632212,3.4,1.0903757,3.2752569
114.643281,3.4,1.16328985,3.2752569
114.652818,3.4,1.25715764,3.27098928
114.663844,3.4,1.24229796,3.27098928
114.678659,3.4,1.24867943,3.27098928
114.684372,3.4,1.39495802,3.27098928
114.69644,3.4,1.38840752,3.26868174
114.702808,3.4,1.44381639,3.26868174
114.714974,3.4,1.46137098,3.26868174
114.72376,3.4,1.53909853,3.26868174
114.735521,3.4,1.546074,3.26868174
114.744206,3.4,1.65250953,3.25716545
114.75228,3.4,1.69261681,3.25716545
114.76274,3.4,1.69634762,3.25716545
114.773542,3.4,1.77024114,3.2752569
114.783056,3.4,1.82039823,3.2752569
114.790717,3.4,1.8622417,3.2752569
114.802741,3.4,1.90392175,3.2752569
114.814309,1.2,1.92116988,3.2752569
114.824645,1.2,2.02399022,3.2752569
114.832472,1.2,2.02345499,3.2752569
114.842891,1.22697815,2.12095532,3.2752569
114.852819,1.22697815,2.11180332,3.2752569
114.865476,1.22697815,2.07859677,3.2752569
114.873736,2.00471481,2.00860859,3.2752569
114.884955,2.00471481,1.97029618,3.2752569
114.893447,2.00471481,1.86273475,3.2752569
114.903903,2.00471481,1.84980132,3.2752569
114.911511,2.00471481,1.83668517,3.2752569
114.92284,3.4,1.90339033,3.2752569
114.932362,3.4,1.88803739,3.2752569
114.942913,3.4,1.94183635,3.2752569
114.952518,3.4,2.00616258,3.2752569
114.964169,3.4,2.0288497,3.2752569
114.973198,3.4,2.08375383,3.2752569
114.986296,3.4,2.13775719,3.2752569
114.996812,3.4,2.17626917,3.2752569
115.006898,3.13260393,2.24243262,3.2752569
115.014921,3.13260393,2.23303673,3.2752569
115.022594,3.13260393,2.32744345,3.2752569
115.033376,3.13260393,2.35210905,1.49430957
115.045729,3.13260393,2.45140076,1.49430957
115.052768,1.20277605,2.44150738,1.49430957
115.06238,1.20277605,2.44706526,1.51614897
115.07607,1.20277605,2.57353267,1.51614897
115.08464,1.20277605,2.59349856,1.51614897
115.092324,1.21428161,2.60966244,2.14574352
115.10314,1.21428161,2.56300706,2.14574352
115.11447,1.2,2.48065151,2.14574352
115.122779,3.4,2.43392553,2.14574352
115.131783,3.4,2.39121077,2.14574352
115.14357,3.4,2.3092154,3.2752569
115.15377,3.4,2.27808628,3.2752569
115.162734,3.4,2.20572454,3.2752569
115.174577,3.4,2.28519752,3.2752569
115.182433,3.4,2.30213569,3.2752569
115.192831,3.4,2.35015775,3.2752569
115.203339,3.4,2.38607972,3.2752569
115.211376,3.4,2.45624569,3.2752569
115.229799,3.4,2.49030024,3.05879403
115.23539,3.4,2.57322097,3.05879403
115.244551,3.4,2.57461067,3.05879403
115.253756,3.4,2.64673257,3.05879403
115.261814,3.4,2.67878522,3.05879403
115.274624,3.4,2.7342304,1.49655684
115.282326,3.4,2.75920327,1.49655684
115.291649,3.4,2.81764017,1.49655684
115.303442,2.99935345,2.85011188,1.49655684
115.314922,1.2,2.90467505,1.50587084
115.32447,1.2,2.97490339,1.50587084
115.336631,1.2,2.97825784,1.49430957
115.351576,1.2,3.02866542,3.2752569
115.357594,1.2,2.98130353,3.2752569
115.366873,1.2,2.90890944,3.2752569
115.376012,1.2,2.87012111,3.2752569
115.383775,1.2,2.81133075,3.2752569
115.393976,1.2,2.74295968,3.2752569
115.403444,1.2,2.65620433,3.2752569
115.412319,1.2,2.63252993,3.2752569
115.433299,1.2,2.5847412,3.2752569
115.440094,1.2,2.54384872,3.2752569
115.448043,1.2,2.5036435,3.2752569
115.452748,1.2,2.44288667,3.2752569
115.462979,1.2,2.37168091,3.2752569
115.473485,1.2,2.36392251,3.2752569
115.483551,1.2,2.30002483,3.2752569
115.498965,1.2,2.24510582,3.2752569
